'District of Columbia|DC0|File:Eleanorholmesnorton.jpg|Holmes Norton|| Eleanor|Democratic|Episcopalian|Equal_Employment_Opportunity_Commission |Antioch_College|1991|1937'
'Northern Mariana Islands|MP0|File:Gregorio_Kilili_Camacho_Sablan_113th_Congress.jpg|Sablan|| Gregorio|Democratic|Roman Catholic|Election Commission Director|Marianas_High_School |2009|1955'
'Virgin Islands|VIs0|File:Donna_Marie_Christian-Christensen_113th_Congress.jpg|Christian-Christensen|| Donna|Democratic|Moravian_Church |Commissioner of Health|Saint_Mary College_(Indiana) |1997|1945'
'Alabama|AL1|File:Bradley_Byrne.jpg|Byrne|| Bradley|RepublicanEpiscopalian|Alabama_Senate|Duke University|University of Alabama|2014|1955'
'Arkansas|AR1|File:Rick_Crawford_113th_Congress.jpg|Crawford|| Rick|Republican|Baptist - SBC|Broadcaster, Businessman|Arkansas_State_University|2011|1966'
'Arizona|AZ1|File:Ann_Kirkpatrick_113th_Congress.jpg|Kirkpatrick|| Ann|Democratic|Roman Catholic|Arizona_House_of_Representatives |University_of_Arizona , James_E._Rogers_College_of_Law |2013|1950'
'California|CA1|File:Doug_LaMalfa_113th_Congress.jpg|LaMalfa|| Doug|Republican|Evangelical_Free_Church|California_State_Senate |California_Polytechnic_State_University |2013|1960'
'Colorado|CO1|File:Diana_DeGette_113th_Congress.jpg|DeGette|| Diana|Democratic|Presbyterian PC(USA)|Colorado_House_of_Representatives |Colorado_College |1997|1957'
'Connecticut|CT1|File:John_B_Larson,_Official_Portrait,_circa_111_-_112th_Congress.jpg|Larson|| John B|Democratic|Roman Catholic|Connecticut_Senate |Central_Connecticut_State_University |1999|1948'
'Florida|FL1|File:Jeff_Miller_113th_Congress.jpg|Miller|| Jeff|Republican|United Methodist|Florida_House_of_Representatives |University_of_Florida |2001|1959'
'Georgia|GA1|File:Jack_Kingston_113th_Congress.jpg|Kingston|| Jack|Republican|Episcopalian|Georgia_House_of_Representatives |University_of_Georgia |1993|1955'
'Hawaii|HI1|File:Colleen_Hanabusa_113th_Congress.jpg|Hanabusa|| Colleen|Democratic|Jodo_Shinshu |President of the Hawaii_Senate |University_of_Hawaii, William_S._Richardson_School_of_Law |2011|1951'
'Iowa|IA1|File:Bruce1braley.jpeg|Braley|| Bruce|Democratic|Presbyterian PC(USA)|President of the Iowa Trial Lawyers Association, Lawyer|Iowa_State_University, University_of_Iowa |2007|1957'
'Idaho|ID1|File:Ra%C3%BAl_Labrador_113th_Congress.jpg|Labrador|| Raúl|Republican|The_Church_of_Jesus_Christ_of_Latter-day_Saints |Idaho_House_of_Representatives |Brigham_Young_University, University_of_Washington |2011|1967'
'Illinois|IL1|File:Bobby_Rush_113th_Congress.jpg|Rush|| Bobby|Democratic|Nondenominational Christian|Chicago_City_Council |Roosevelt_University, University_of_Illinois_at_Urban Champaign, McCormick_Theological_Seminary |1993|1946'
'Indiana|IN1|File:Peter_J._Visclosky_113th_Congress.jpg|Visclosky|| Pete|Democratic|Roman Catholic|Attorney, Congressional aide|Indiana_University_Northwest, University_of_Notre_Dame, Georgetown_University |1985|1949'
'Kansas|KS1|File:Tim_Huelskamp_113th_Congress.jpg|Huelskamp|| Tim|Republican|Roman Catholic|Kansas_Senate |College_of_Santa_Fe, American_University |2011|1968'
'Kentucky|KY1|File:Ed_Whitfield_113th_Congress.jpg|Whitfield|| Ed|Republican|United Methodist|Vice President of CSX_Corporation |University_of_Kentucky, Wesley_Theological_Seminary |1995|1943'
'Louisiana|LA1|File:Steve_Scalise_113th_Congress.jpg|Scalise|| Steve|Republican|Roman Catholic|Louisiana_State_Senate |Louisiana_State_University |2008|1965'
'Massachusetts|MA1|File:Richard_Neal_113th_Congress.jpg|Neal|| Richard|Democratic|Roman Catholic|Mayor of Springfield,_Massachusetts |American_International_College, University_of_Hartford |1989|1949'
'Maryland|MD1|File:Andy_Harris_113th_Congress.jpg|Harris|| Andy|Republican|Roman Catholic|Maryland_State_Senate |Johns_Hopkins_University |2011|1957'
'Maine|ME1|File:Chellie_Pingree_113th_Congress.jpg|Pingree|| Chellie|Democratic|Evangelical_Lutheran_Church_in_America |Majority Leader Maine_State_Senate |College_of_the_Atlantic |2009|1955'
'Michigan|MI1|File:Dan_Benishek_113th_Congress.jpg|Benishek|| Dan|Republican|Roman Catholic|surgeon|University_of_Michigan, Wayne_State_University_School_of_Medicine |2011|1952'
'Minnesota|MN1|File:Tim_Walz_113th_Congress.jpg|Walz|| Tim|Democratic-Farmer-Labor |Evangelical_Lutheran_Church_in_America |United_States_National_Guard |Chadron_State_College |2007|1964'
'Missouri|MO1|File:Williamclay.jpeg|Clay|| William|Democratic|Roman Catholic|Missouri_State_Legislature |University_of_Maryland, Harvard_University |2001|1956'
'Mississippi|MS1|File:Alan_Nunnelee_113th_Congress.jpg|Nunnelee|| Alan|Republican|Baptist - SBC|Mississippi_Senate |Mississippi_State_University |2011|1958'
'Nebraska|NE1|File:Jeff_Fortenberry_113th_Congress.jpg|Fortenberry|| Jeff|Republican|Roman Catholic|Lincoln,_Nebraska |Louisiana_State_University, Georgetown_University, Franciscan_University_of_Steubenville |2005|1960'
'Nevada|NV1|File:Dina_Titus_113th_Congress.jpg|Titus|| Dina|Democratic|Eastern_Orthodox |U.S. House|College_of_William_%26_Mary, University_of_Georgia, Florida_State_University |2013|1950'
'Ohio|OH1|File:Steve_Chabot_113th_Congress.jpg|Chabot|| Steve|Republican|Roman Catholic|U.S. House|College_of_William_%26_Mary,Northern_Kentucky_University |2011|1953'
'Oklahoma|OK1|File:Jim_Bridenstine_113th_Congress.jpg|Bridenstine|| Jim|Republican|Baptist - SBC|Tulsa_Air_and_Space_Museum_%26_Planetarium |Rice_University, Samuel_Curtis_Johnson_Graduate_School_of_Management |2013|1975'
'Oregon|OR1|File:Suzanne_Bonamici_113th_Congress.jpg|Bonamici|| Suzanne|Democratic|Unknown|Oregon_House_of_Representatives |Lane_Community_College,University_of_Oregon |2012*|1954'
'Pennsylvania|PA1|File:Bobbrady.jpeg|Brady|| Bob|Democratic|Roman Catholic|Congressional aide; Pennsylvania_Turnpike_Commission |St._Thomas_More_High_School |1998*|1945'
'Tennessee|TN1|File:Phil_Roe_2.jpg|Roe|| Phil|Republican|United Methodist|OB|Austin_Peay_State_University, University_of_Tennessee |2009|1945'
'Texas|TX1|File:Louis_Buller_Gohmert_113th_Congress.jpg|Gohmert|| Louie|Republican|Baptist - SBC|Texas appeals court judge|Texas_A%26M_University,Baylor_University |2005|1953'
'Utah|Utah1|File:Rob_Bishop_113th_Congress.jpg|Bishop|| Rob|Republican|The_Church_of_Jesus_Christ_of_Latter-day_Saints|Utah State Representative, Chairman of the Utah Republican Party|University_of_Utah |2003|1951'
'Virginia|VA1|File:Robert_J._Wittman_113th_Congress.jpg|Wittman|| Rob|Republican|Episcopalian|Mayor of Montross,_Virginia |Virginia_Polytechnic_Institute_and_State_University University_of_North_Carolina_at_Chapel_Hill, Virginia_Commonwealth_University |2007*|1959'
'Washington|WA1|File:Suzan_K._DelBene_113th_Congress.jpg|DelBene|| Suzan|Democratic|Episcopal_Church_(United_States) |Washington Department of Revenue Director|Reed_College, University_of_Washington |2012*|1963'
'Wisconsin|WI1|File:Paul_Ryan_113th_Congress.jpg|Ryan|| Paul|Republican|Roman Catholic|Legislative Director|Miami_University |1999|1970'
'Alabama|AL2|File:Martha_Roby_113th_Congress.jpg|Roby|| Martha|RepublicanPresbyterian (PCA)|Montgomery,_Alabama|New_York_University|Cumberland School of Law|2011|1976'
'Arkansas|AR2|File:Tim_Griffin_113th_Congress.jpg|Griffin|| Tim|Republican|Baptist - SBC|U.S._Attorney_for_the_Eastern_District_of_Arkansas |Hendrix_College , Tulane_University |2011|1968'
'Arizona|AZ2|File:Ron_Barber_113th_Congress.jpg|Barber|| Ron|Democratic|Roman Catholic|Congressional aide of Rep. Gabrielle_Giffords |University_of_Arizona |2012*|1945'
'California|CA2|File:Jared_Huffman_113th_Congress.jpg|Huffman|| Jared|Democratic|Unknown|California_State_Assembly |University_of_California,_Santa_Barbara , Boston_College_Law_School|2013|1964'
'Colorado|CO2|File:Jared_Polis_113th_Congress.jpg|Polis|| Jared|Democratic|Jewish |Colorado_State_Board_of_Education |Princeton_University |2009|1975'
'Connecticut|CT2|File:Joe_Courtney_113th_Congress.jpg|Courtney|| Joe|Democratic|Roman Catholic|Connecticut_House_of_Representatives |Tufts_University |2007|1953'
'Florida|FL2|File:Steve_Southerland_113th_Congress.jpg|Southerland|| Steve|Republican|Baptist - SBC|Funeral Home Director|Jefferson_State_Community_College, Troy_State_University |2011|1965'
'Georgia|GA2|File:Sanfordbishop.jpeg|Bishop|| Sanford|Democratic|National_Baptist_Convention,_USA,_Inc. |Georgia_State_Senate |Morehouse_College |1993|1947'
'Hawaii|HI2|File:Tulsi_Gabbard_113th_Congress.jpg|Gabbard|| Tulsi|Democratic|Hinduism |Honolulu_City_Council, Hawaii_House_of_Representatives |Hawaii_Pacific_University, Officer_Candidate_School_(U.S._Army) |2013|1981'
'Iowa|IA2|File:David_Loebsack_113th_Congress.jpg|Loebsack|| David|Democratic|United Methodist|Professor|Iowa_State_University |2007|1952'
'Idaho|ID2|File:Michael_Simpson_113th_Congress.jpg|Simpson|| Mike|Republican|The_Church_of_Jesus_Christ_of_Latter-day_Saints |Speaker of the Idaho_House_of_Representatives |Utah_State_University |1999|1950'
'Illinois|IL2|File:Robin_Kelly_113th_Congress.jpg|Kelly|| Robin|Democratic|unknown|Illinois_House_of_Representatives |Bradley_University, Northern_Illinois_University |2013*|1956'
'Indiana|IN2|File:Jackie_Walorski_113th_Congress.jpg|Walorski|| Jackie|Republican|Assemblies_of_God |Indiana_House_of_Representatives |Liberty_University, Taylor_University |2013|1963'
'Kansas|KS2|File:Lynn_Jenkins_113th_Congress.jpg|Jenkins|| Lynn|Republican|United Methodist|Kansas_State_Treasurer |Kansas_State_University, Weber_State_College |2009|1963'
'Kentucky|KY2|File:Brett_Guthrie_113th_Congress.jpg|Guthrie|| Brett|Republican|Churches_of_Christ |Kentucky_Senate |United_States_Military_Academy, Yale_University |2009|1964'
'Louisiana|LA2|File:Cedric_Richmond_113th_Congress.jpg|Richmond|| Cedric|Democratic|Baptist|Louisiana_House_of_Representatives |Morehouse_College, Tulane_School_of_Law |2011|1973'
'Massachusetts|MA2|File:Jim_McGovern_113th_Congress.jpg|McGovern|| Jim|Democratic|Roman Catholic|Congressional staff member|American_University |1997|1959'
'Maryland|MD2|File:Dutch_Ruppersberger_113th_Congress.jpg|Ruppersberger|| Dutch|Democratic|United Methodist|Baltimore_County_Executive |University_of_Maryland,_College_Park, University_of_Baltimore |2003|1946'
'Maine|ME2|File:Michael_Michaud_113th_Congress.jpg|Michaud|| Mike|Democratic|Roman Catholic|President_of_the_Senate |index.php?Schenck_High_School&amp;action=edit&amp;redlink=1 class=|2003|1955'
'Michigan|MI2|File:Bill_Huizenga_113th_Congress.jpg|Huizenga|| Bill|Republican|Christian_Reformed |Michigan_House_of_Representatives |Calvin_College |2011|1969'
'Minnesota|MN2|File:John_Kline_113th_Congress.jpg|Kline|| John|Republican|United Methodist|U.S._Marine_Corps |Rice_University, Shippensburg_University |2003|1947'
'Missouri|MO2|File:Ann_Wagner_113th_Congress.jpg|Wagner|| Ann|Republican|Roman Catholic|United_States_Ambassador_to_Luxembourg |University_of_Missouri |2013|1962'
'Mississippi|MS2|File:Bennie_G._Thompson_113th_Congress.jpg|Thompson|| Bennie|Democratic|United Methodist|alderman, mayor of Bolton,_Mississippi |Tougaloo_College, Jackson_State_University |1993*|1948'
'Nebraska|NE2|File:Lee_Terry_113th_Congress.jpg|Terry|| Lee|Republican|United Methodist|Omaha,_Nebraska |University_of_Nebraska, Creighton_University |1999|1962'
'Nevada|NV2|File:Mark_Amodei_113th_Congress.jpg|Amodei|| Mark|Republican|unspecified Christian|Nevada_House_of_Representatives |University_of_Nevada,_Reno, University_of_the_Pacific_(United_States) |2011*|1958'
'Ohio|OH2|File:Brad_R._Wenstrup_113th_Congress.jpg|Wenstrup|| Brad|Republican|Roman Catholic|Physician|University_of_Cincinnati |2013|1958'
'Oklahoma|OK2|File:Markwayne_Mullin_113th_Congress.jpg|Mullin|| Markwayne|Republican|Pentecostalism |Businessman|Missouri_Valley_College |2013|1977'
'Oregon|OR2|File:Greg_Walden_113th_Congress.jpg|Walden|| Greg|Republican|Episcopalian|Oregon_House_of_Representatives |University_of_Oregon |1999|1957'
'Pennsylvania|PA2|File:Chaka_Fattah_113th_Congress.jpg|Fattah|| Chaka|Democratic|Baptist|Pennsylvania_General_Assembly|University_of_Pennsylvania |1995|1956'
'Tennessee|TN2|File:John_J._Duncan,_Jr._113th_Congress.jpg|Duncan|| Jimmy|Republican|Presbyterian PC(USA)|state court judge|University_of_Tennessee George_Washington_University |1988*|1947'
'Texas|TX2|File:Ted_Poe,_Official_Portrait,_112th_Congress.jpg|Poe|| Ted|Republican|Churches_of_Christ |federal court judge|Abilene_Christian_University,University_of_Houston_Law_Center |2005|1948'
'Utah|Utah2|File:Chris_Stewart_113th_Congress.jpg|Stewart|| Chris|Republican|The_Church_of_Jesus_Christ_of_Latter-day_Saints |Author, businessman|Utah_State_University |2013|1960'
'Virginia|VA2|File:E._Scott_Rigell_113th_Congress.jpg|Rigell|| Scott|Republican|Nondenominational Christian|businessman|Mercer_University, Regent_University |2011|1960'
'Washington|WA2|File:Rick_Larsen_113th_Congress.jpg|Larsen|| Rick|Democratic|United Methodist|Snohomish County Council|Pacific_Lutheran_University,University_of_Minnesota |2001|1965'
'Wisconsin|WI2|File:Mark_Pocan_113th_Congress.jpg|Pocan|| Mark|Democratic|Unspecified|Wisconsin_State_Assembly |University_of_Wisconsin%E2%80%93Madison |2013|1964'
'Alabama|AL3|File:Mike_Rogers_113th_Congress.jpg|Rogers|| Mike D.|Republican|Independent_Baptist|Calhoun_County,_Alabama|Jacksonville_State_University, Birmingham_School_of_Law|2003|1958'
'Arkansas|AR3|File:Steve_Womack_113th_Congress.jpg|Womack|| Steve|Republican|Baptist - SBC|Mayor of Rogers,_Arkansas |Arkansas_Tech_University|2011|1957'
'Arizona|AZ3|File:Raul_Grijalva_113th_Congress.jpg|Grijalva|| Raúl|Democratic|Roman Catholic|Pima_County,_Arizona |University_of_Arizona|2003|1948'
'California|CA3|File:John_Garamendi_113th_Congress.jpg|Garamendi|| John|Democratic|Roman Catholic|Lieutenant_Governor_of_California |University_of_California_Berkeley , Harvard_Business_School |2009*|1945'
'Colorado|CO3|File:Scott_R._Tipton_113th_Congress.jpg|Tipton|| Scott|Republican|Anglican |Colorado_House_of_Representatives |Fort_Lewis_College |2011|1956'
'Connecticut|CT3|File:Rosa_DeLauro_Portrait.jpg|DeLauro|| Rosa|Democratic|Roman Catholic|Executive Director of EMILY List |Marymount_College,_Tarrytown |1991|1943'
'Florida|FL3|File:Ted_Yoho_113th_Congress.jpg|Yoho|| Ted|Republican|Roman Catholic|Veterinarian|University_of_Florida |2013|1955'
'Georgia|GA3|File:Lynn_Westmoreland_113th_Congress.jpg|Westmoreland|| Lynn|Republican|Baptist - SBC|Georgia_House_of_Representatives |Georgia_State_University |2003|1950'
'Iowa|IA3|File:Tom_Latham_113th_Congress.jpg|Latham|| Tom|Republican|Evangelical_Lutheran_Church_in_America |Businessman|Iowa_State_University |1995|1948'
'Illinois|IL3|File:Daniel_Lipinski_113th_Congress.jpg|Lipinski|| Dan|Democratic|Roman Catholic|Member of the University_of_Notre_Dame |Northwestern_University, Stanford_University, Duke_University |2005|1966'
'Indiana|IN3|File:Marlin_A._Stutzman_113th_Congress.jpg|Stutzman|| Marlin|Republican|Baptist - SBC|Indiana_Senate |Glen_Oaks_Community_College, Trine_University |2010*|1976'
'Kansas|KS3|File:Kevin_Yoder_113th_Congress.jpg|Yoder|| Kevin|Republican|United Methodist|Kansas_House_of_Representatives |University_of_Kansas, University_of_Kansas_Law_School |2011|1976'
'Kentucky|KY3|File:John_Yarmuth_113th_Congress.jpg|Yarmuth|| John|Democratic|Jewish |Newspaper Publisher, Vice-President for University Relations University_of_Louisville |Yale_University |2007|1947'
'Louisiana|LA3|File:Charles_Boustany_113th_Congress.jpg|Boustany|| Charles|Republican|Episcopalian|Heart_surgeon |University_of_Southwestern_Louisiana, Louisiana_State_University |2005|1956'
'Massachusetts|MA3|File:Niki_Tsongas_113th_Congress.jpg|Tsongas|| Niki|Democratic|Eastern_Orthodox_Church |Dean of External Affairs at Middlesex_Community_College_(Massachusetts) |Smith_College,Boston_University |2007*|1946'
'Maryland|MD3|File:John_Sarbanes_113th_Congress.jpg|Sarbanes|| John|Democratic|Eastern_Orthodox_Church |Attorney, Law Clerk|Princeton_University, Harvard_Law_School |2007|1962'
'Michigan|MI3|File:Justin_Amash_113th_Congress.jpg|Amash|| Justin|Republican|Orthodox_Christian |Michigan_House_of_Representatives |University_of_Michigan, University_of_Michigan_Law_School |2011|1980'
'Minnesota|MN3|File:Erikpaulsen.jpg|Paulsen|| Erik|Republican|Lutheran_Church%E2%80%93Missouri_Synod |Minnesota_Senate |St._Olaf_College |2009|1965'
'Missouri|MO3|File:Blaine_Luetkemeyer_113th_Congress.jpg|Luetkemeyer|| Blaine|Republican|Roman Catholic|Missouri_House_of_Representatives |Lincoln_University_of_Missouri |2009|1960'
'Mississippi|MS3|File:Gregg_Harper_113th_Congress.jpg|Harper|| Gregg|Republican|Baptist - SBC|Attorney, Rankin_County,_Mississippi |Mississippi_College, University_of_Mississippi |2009|1956'
'Nebraska|NE3|File:Adriansmith.jpg|Smith|| Adrian|Republican|Evangelical_Free_Church |Gering,_Nebraska |University_of_Nebraska |2007|1970'
'Nevada|NV3|File:Joseph_J._Heck_113th_Congress.jpg|Heck|| Joe|Republican|Roman Catholic|Nevada_Senate|Pennsylvania_State_University, Philadelphia_College_of_Osteopathic_Medicine, U.S._Army_War_College |2011|1961'
'Ohio|OH3|File:Joyce_Beatty_113th_Congress.jpg|Beatty|| Joyce|Democratic|Baptist|Ohio_House_of_Representatives |Central_State_University, Wright_State_University, University_of_Cincinnati |2013|1950'
'Oklahoma|OK3|File:Frank_D._Lucas_113th_Congress.jpg|Lucas|| Frank|Republican|Baptist - SBC|Oklahoma_House_of_Representatives|Oklahoma_State_University |2003|1960'
'Oregon|OR3|File:Earlblumenauer.jpeg|Blumenauer|| Earl|Democratic|Protestant|Oregon state representative, Multnomah_County |Lewis_%26_Clark_College |1996*|1948'
'Pennsylvania|PA3|File:Mike_Kelly_113th_Congress.jpg|Kelly|| Mike|Republican|Roman Catholic|businessman|University_of_Notre_Dame |2011|1948'
'Tennessee|TN3|File:Charles_J._Fleischmann_113th_Congress.jpg|Fleischmann|| Chuck|Republican|Roman Catholic|attorney|University_of_Illinois University_of_Tennessee_College_of_Law |2011|1962'
'Texas|TX3|File:Sam_Johnson_113th_Congress.jpg|Johnson|| Sam|Republican|United Methodist|Texas state legislator|Southern_Methodist_University |1991*|1930'
'Utah|Utah3|File:Jason_Chaffetz_113th_Congress.jpg|Chaffetz|| Jason|Republican|The_Church_of_Jesus_Christ_of_Latter-day_Saints |Business relations executive|Brigham_Young_University |2009|1967'
'Virginia|VA3|File:Robert_C._Scott_113th_Congress.jpg|Scott|| Robert|Democratic|Episcopalian|Virginia State Legislature|Harvard_University, Boston_College_Law_School |1993|1947'
'Washington|WA3|File:Jaime_Herrera_Beutler_113th_Congress.jpg|Herrera Beutler|| Jaime|Republican|unspecified Christian|Washington_House_of_Representatives |University_of_Washington |2011|1978'
'Wisconsin|WI3|File:Ron_Kind_113th_Congress.jpg|Kind|| Ron|Democratic|Wisconsin_Evangelical_Lutheran_Synod |County Prosecutor|London_School_of_Economics,University_of_Minnesota |1997|1963'
'Alabama|AL4|File:Robert_Aderholt_113th_Congress.jpg|Aderholt|| Robert|Republican|United Methodist|Haleyville,_Alabama|Birmingham%E2%80%93Southern_College, Samford_University|1997|1965'
'Arkansas|AR4|File:Tom_Cotton_113th_Congress.jpg|Cotton|| Tom|Republican|United Methodist|U.S. Army|Harvard_College |2013|1977'
'Arizona|AZ4|File:Paul_A._Gosar_113th_Congress.jpg|Gosar|| Paul|Republican|Roman Catholic|President of the Northern Arizona Dental Society|Creighton_University, Creighton_University_School_of_Dentistry |2011|1958'
'California|CA4|File:Tom_McClintock_113th_Congress.jpg|McClintock|| Tom|Republican|North_American_Baptist_Conference |California_Senate |University_of_California,_Los_Angeles|2009|1956'
'Colorado|CO4|File:Cory_Gardner_113th_Congress.jpg|Gardner|| Cory|Republican|Lutheran_Church%E2%80%93Missouri_Synod |Colorado_House_of_Representatives |Colorado_State_University University_of_Colorado_at_Boulder |2011|1974'
'Connecticut|CT4|File:James_A._Himes_113th_Congress.jpg|Himes|| Jim|Democratic|Presbyterian PC(USA)|Financial executive|Harvard_University, University_of_Oxford |2009|1966'
'Florida|FL4|File:Ander_Crenshaw_113th_Congress.jpg|Crenshaw|| Ander|Republican|Episcopalian|Florida_Senate |University_of_Georgia, University_of_Florida |2001|1944'
'Georgia|GA4|File:Hank_Johnson_113th_Congress.jpg|Johnson|| Hank|Democratic|Soka_Gakkai |DeKalb_County,_Georgia |Clark_Atlanta_University |2007|1954'
'Iowa|IA4|File:Steve_King_113th_Congress.jpg|King|| Steve|Republican|Roman Catholic|Iowa_Senate |Northwest_Missouri_State_University |2003|1949'
'Illinois|IL4|File:Luis_Guti%C3%A9rrez_113th_Congress.jpg|Gutiérrez|| Luis|Democratic|Roman Catholic|Chicago_City_Council |Northeastern_Illinois_University |1993|1953'
'Indiana|IN4|File:Todd_Rokita_113th_Congress.jpg|Rokita|| Todd|Republican|Roman Catholic|Indiana_Secretary_of_State |Wabash_College, Indiana_University_Robert_H._McKinney_School_of_Law |2011|1970'
'Kansas|KS4|File:Mike_Pompeo_113th_Congress.jpg|Pompeo|| Mike|Republican|Evangelical_Presbyterian_Church_(United_States) |Attorney|U.S._Military_Academy, Harvard_Law_School |2011|1963'
'Kentucky|KY4|File:Thomas_Massie_113th_Congress.jpg|Massie|| Thomas|Republican|United Methodist|Judge-Executive |Massachusetts_Institute_of_Technology |2012*|1971'
'Louisiana|LA4|File:John_Fleming_113th_Congress.jpg|Fleming|| John|Republican|Baptist - SBC|Webster_Parish,_Louisiana |University_of_Mississippi |2009|1951'
'Massachusetts|MA4|File:Joseph_P._Kennedy_III_113th_Congress.jpg|Kennedy|| Joe|Democratic|Roman Catholic|Prosecutor, assistant district attorney|Stanford_University, Harvard_University |2013|1980'
'Maryland|MD4|File:Donna_Edwards_113th_Congress.jpg|Edwards|| Donna|Democratic|Baptist|Community Activist|Wake_Forest_University, University_of_New_Hampshire_School_of_Law |2008*|1958'
'Michigan|MI4|File:Dave_Camp_113th_Congress.jpg|Camp|| David|Republican|Roman Catholic|Michigan_House_of_Representatives |Albion_College, University_of_San_Diego_School_of_Law |1991|1953'
'Minnesota|MN4|File:Betty_McCollum_113th_Congress.jpg|McCollum|| Betty|DFL|Roman Catholic|North_St._Paul |College_of_St._Catherine |2001|1954'
'Missouri|MO4|File:Vicky_Hartzler_113th_Congress.jpg|Hartzler|| Vicky|Republican|Fellowship_of_Evangelical_Churches |Missouri_House_of_Representatives |University_of_Missouri, Central_Missouri_State_University |2011|1960'
'Mississippi|MS4|File:Steven_M._Palazzo_113th_Congress.jpg|Palazzo|| Steven|Republican|Roman Catholic|Mississippi_House_of_Representatives |University_of_Southern_Mississippi |2011|1970'
'Nevada|NV4|File:Steven_A._Horsford_113th_Congress.jpg|Horsford|| Steven|Democratic|Baptist|Nevada_Senate |University_of_Nevada,_Reno |2013|1973'
'Ohio|OH4|File:Jim_Jordan_113th_Congress.jpg|Jordan|| Jim|Republican|Nondenominational Christian|Ohio_General_Assembly |University_of_Wisconsin%E2%80%93Madison |2007|1964'
'Oklahoma|OK4|File:Tomcole.jpeg|Cole|| Tom|Republican|United Methodist|Oklahoma_Senate |Grinnell_College,Yale_University,University_of_Oklahoma |2003|1949'
'Oregon|OR4|File:Peter_defazio.jpeg|DeFazio|| Peter|Democratic|Roman Catholic|Lane_County,_Oregon|Tufts_University, University_of_Oregon,University_of_Notre_Dame |1987|1947'
'Pennsylvania|PA4|File:Scott_Perry_113th_Congress.jpg|Perry|| Scott|Republican|Church_of_the_United_Brethren_in_Christ |Pennsylvania_House_of_Representatives |Pennsylvania_State_University |2013|1962'
'Tennessee|TN4|File:Scott_DesJarlais_113th_Congress.jpg|DesJarlais|| Scott|Republican|Episcopal_Church_(United_States)|physician|University_of_South_Dakota, Sanford_School_of_Medicine_of_the_University_of_South_Dakota|2011|1964'
'Texas|TX4|File:Ralph_Hall_113th_Congress.jpg|Hall|| Ralph|Republican|United Methodist|Texas_Senate |Southern_Methodist_University,Texas_Christian_University, University_of_Texas_at_Austin |1981|1923'
'Utah|Utah4|File:Jim_Matheson_113th_Congress.jpg|Matheson|| Jim|Democratic|The_Church_of_Jesus_Christ_of_Latter-day_Saints |Business owner|Harvard_University, University_of_California,_Los_Angeles |2001|1960'
'Virginia|VA4|File:Randyforbes.jpg|Forbes|| Randy|Republican|Baptist - SBC|Senate_of_Virginia |Randolph-Macon_College, University_of_Virginia_School_of_Law |2001|1952'
'Washington|WA4|File:Doc_Hastings_113th_Congress.jpg|Hastings|| Doc|Republican|Presbyterian|Washington_House_of_Representatives |Columbia_University ,Central_Washington_University |1995|1941'
'Wisconsin|WI4|File:Gwen_Moore_113th_Congress.jpg|Moore|| Gwen|Democratic|Baptist|Wisconsin_State_Assembly|Marquette_University,Harvard_University |2005|1951'
'Alabama|AL5|File:Mo_Brooks_113th_Congress.jpg|Brooks|| Mo|Republican|Unspecified Christian|Alabama_House_of_Representatives|Duke University, University_of_Alabama|2011|1954'
'Arizona|AZ5|File:Matt_Salmon_113th_Congress.jpg|Salmon|| Matt|Republican|The_Church_of_Jesus_Christ_of_Latter-day_Saints|Arizona_Senate |Arizona_State_University , Brigham_Young_University |2013|1958'
'California|CA5|File:Mike_Thompson_113th_Congress.jpg|Thompson|| Mike|Democratic|Roman Catholic|California_State_Senate|California_State_University,_Chico|1999|1951'
'Colorado|CO5|File:Doug_Lamborn_113th_Congress.jpg|Lamborn|| Doug|Republican|unspecified Christian|President pro tempore of the Colorado_Senate |University_of_Kansas |2007|1954'
'Connecticut|CT5|File:Elizabeth_H._Esty_113th_Congress.jpg|Esty|| Elizabeth|Democratic|United_Church_of_Christ |Connecticut_House_of_Representatives |Harvard_University ,Yale_University |2013|1959'
'Florida|FL5|File:Corrine_Brown_113th_Congress.jpg|Brown|| Corrine|Democratic|Baptist|Florida_House_of_Representatives |Florida_A%26M_University |1993|1946'
'Georgia|GA5|File:Johnlewis.jpg|Lewis|| John|Democratic|American_Baptist_Churches_USA |Atlanta_City_Council |American_Baptist_Theological_Seminary |1987|1940'
'Illinois|IL5|File:Rep._Mike_Quigley.jpg|Quigley|| Mike|Democratic|Roman Catholic|Cook_County_Board_of_Commissioners |Roosevelt_University, Loyola_University_Chicago_School_of_Law, University_of_Chicago |2009*|1959'
'Indiana|IN5|File:Susan_W._Brooks_113th_Congress.jpg|Brooks|| Susan|Republican|Roman Catholic|United_States_District_Court_for_the_Southern_District_of_Indiana |Miami_University_of_Ohio, Indiana_University_Robert_H._McKinney_School_of_Law |2013|1960'
'Kentucky|KY5|File:Harold_Rogers_113th_Congress.jpg|Rogers|| Hal|Republican|Baptist - SBC|Commonwealth Attorney |University_of_Kentucky |1981|1937'
'Louisiana|LA5|File:Vance_McAllister.jpg|McAllister|| Vance|Republican|Baptist - SBC|Businessman|University_of_Louisiana_at_Monroe |2013*|1974'
'Massachusetts|MA5|File:Katherine_Clark_2013.jpg|Clark|| Katherine|Democratic|unspecified Christian|Massachusetts_Senate |St._Lawrence_University, Cornell_University, Harvard_Kennedy_School_of_Government |2013|1963'
'Maryland|MD5|File:Steny_Hoyer_113th_Congress.jpg|Hoyer|| Steny|Democratic|Alliance_of_Baptists |President of the Maryland_State_Senate |University_of_Maryland, Georgetown_University |1981*|1939'
'Michigan|MI5|File:Daniel_Kildee_113th_Congress.jpg|Kildee|| Dan|Democratic|Roman Catholic|Genesee_County,_Michigan |Central_Michigan_University |2013|1958'
'Minnesota|MN5|File:Keithellison.jpg|Ellison|| Keith|DFL|Muslim |Minnesota_House_of_Representatives |Wayne_State_University, University_of_Minnesota_Law_School |2007|1963'
'Missouri|MO5|File:Emanuel_Cleaver_113th_Congress.jpg|Cleaver|| Emanuel|Democratic|United Methodist|Mayor of Kansas_City,_Missouri |Prairie_View_A%26M_University, St._Paul_School_of_Theology |2005|1944'
'Ohio|OH5|File:Robert_E._Latta_113th_Congress.jpg|Latta|| Bob|Republican|Roman Catholic|Wood_County,_Ohio |Bowling_Green_State_University, University_of_Toledo |2007|1956'
'Oklahoma|OK5|File:James_Lankford_113th_Congress.jpg|Lankford|| James|Republican|Baptist - SBC|youth minister|University_of_Texas_at_Austin, Southwestern_Baptist_Theological_Seminary |2011|1968'
'Oregon|OR5|File:Kurtschrader.jpg|Schrader|| Kurt|Democratic|Episcopalian|Veterinarian |Cornell_University,University_of_Illinois |2009|1951'
'Pennsylvania|PA5|File:Glenn_Thompson_113th_Congress.jpg|Thompson|| Glenn|Republican|Nondenominational Christian|Centre County Party Chairman|Penn_State_University,Temple_University |2009|1959'
'Tennessee|TN5|File:Jim_Cooper_113th_Congress.jpg|Cooper|| Jim|Democratic|Episcopalian|college professor|University_of_North_Carolina,Oriel_College ,Harvard_Law_School |2003|1954'
'Texas|TX5|File:Jeb_Hensarling_113th_Congress.jpg|Hensarling|| Jeb|Republican|Episcopalian|energy executive|Texas_A%26M_University ,University_of_Texas_at_Austin |2003|1957'
'Virginia|VA5|File:Robert_Hurt_113th_Congress.jpg|Hurt|| Robert|Republican|Presbyterian PC(USA)|Virginia_House_of_Delegates |Hampden-Sydney_College, Mississippi_College_School_of_Law |2011|1969'
'Washington|WA5|File:Cathy_McMorris_Rodgers_113th_Congress.jpg|McMorris Rodgers|| Cathy|Republican|Evangelical_Free_Church|Washington_House_of_Representatives|Pensacola_Christian_College, University_of_Washington |2005|1969'
'Wisconsin|WI5|File:Sensibrenner.jpeg|Sensenbrenner|| Jim|Republican|Episcopalian|Wisconsin_State_Senate|Stanford_University, University_of_Wisconsin |1979|1943'
'Alabama|AL6|File:Spencer_Bachus_113th_Congress.jpg|Bachus|| Spencer|Republican|Baptist - SBC|Alabama_Senate |Auburn_University, University_of_Alabama|1993|1947'
'Arizona|AZ6|File:David_Schweikert_113th_Congress.jpg|Schweikert|| David|Republican|Roman Catholic|Arizona_House_of_Representatives |Arizona_State_University|2011|1962'
'California|CA6|File:Doris_Matsui_113th_Congress.jpg|Matsui|| Doris|Democratic|United Methodist|Sacramento,_California |University_of_California,_Berkeley|2005*|1944'
'Colorado|CO6|File:Mike_Coffman_113th_Congress.jpg|Coffman|| Mike|Republican|United Methodist|Secretary_of_State_of_Colorado |University_of_Colorado_at_Boulder |2009|1955'
'Florida|FL6|File:Ron_DeSantis_113th_Congress.jpg|DeSantis|| Ron|Republican|Roman Catholic|Prosecutor United_States_Attorney_for_the_Middle_District_of_Florida |Yale_University, Harvard_Law_School |2013|1978'
'Georgia|GA6|File:Tom_Price_113th_Congress.jpg|Price|| Tom|Republican|Presbyterian PC(USA)|Physician|University_of_Michigan |2005|1954'
'Illinois|IL6|File:Peter_J._Roskam_113th_Congress.jpg|Roskam|| Peter|Republican|Anglican_Mission_in_America |Illinois_Senate |University_of_Illinois_at_Urbana Champaign, Chicago Kent_College_of_Law |2007|1961'
'Indiana|IN6|File:Luke_Messer_113th_Congress.jpg|Messer|| Luke|Republican|Presbyterian PC(USA)|Indiana_House_of_Representatives |Wabash_College, Vanderbilt_University_Law_School |2013|1969'
'Kentucky|KY6|File:Andy_Barr_113th_Congress.jpg|Barr|| Andy|Republican|Episcopal_Church_(United_States) |Attorney|University_of_Virginia, University_of_Kentucky_College_of_Law |2013|1973'
'Louisiana|LA6|File:Bill_Cassidy_113th_Congress.jpg|Cassidy|| Bill|Republican|Nondenominational Christian|Louisiana_State_Senate |Louisiana_State_University |2009|1957'
'Massachusetts|MA6|File:John_Tierney_113th_Congress.jpg|Tierney|| John|Democratic|Roman Catholic|Attorney|Salem_State_University, Suffolk_University_Law_School |1997|1951'
'Maryland|MD6|File:John_Delaney_113th_Congress.jpg|Delaney|| John|Democratic|Roman Catholic|Businessman|Columbia_University, Georgetown_University_Law_Center |2013|1963'
'Michigan|MI6|File:Fred_Upton_113th_Congress.jpg|Upton|| Fred|Republican|United_Church_of_Christ |U.S. government administrator|University_of_Michigan |1987|1953'
'Minnesota|MN6|File:Michelebachmann.jpg|Bachmann|| Michele|Republican|Evangelical_Free_Church |Education adviser for Minnesota Family Institute, Minnesota_Senate |Winona_State_University, Oral_Roberts_University, College_of_William_and_Mary |2007|1956'
'Missouri|MO6|File:Sam_Graves_113th_Congress.jpg|Graves|| Sam|Republican|Baptist - SBC|Missouri_Senate |University_of_Missouri |2001|1963'
'Ohio|OH6|File:Bill_Johnson_113th_Congress.jpg|Johnson|| Bill|Republican|Protestant|United States Air Force|Troy_University |2011|1954'
'Pennsylvania|PA6|File:Jim_Gerlach_113th_Congress.jpg|Gerlach|| Jim|Republican|Protestant |Pennsylvania_General_Assembly |Dickinson_College, Dickinson_School_of_Law |2003|1955'
'Tennessee|TN6|File:Diane_Black_113th_Congress.jpg|Black|| Diane|Republican|Evangelical_Lutheran_Church_in_America|Tennessee_House_of_Representatives|Belmont_University |2011|1951'
'Texas|TX6|File:Joe_Barton_113th_Congress.jpg|Barton|| Joe|Republican|United Methodist|oil industry consultant|Texas_A%26M_University,Purdue_University |1985|1949'
'Virginia|VA6|File:Bob_Goodlatte_113th_Congress.jpg|Goodlatte|| Bob|Republican|Christian_Scientist |Private legal practice|Bates_College, Washington_and_Lee_University |1993|1952'
'Washington|WA6|File:Derek_C._Kilmer_113th_Congress.jpg|Kilmer|| Derek|Democratic|United Methodist|Washington_State_Senate |Princeton_University,University_of_Oxford |2013|1974'
'Wisconsin|WI6|File:Thomas_E._Petri_113th_Congress.jpg|Petri|| Tom|Republican|Evangelical_Lutheran_Church_in_America |Wisconsin_State_Senate|Harvard_University |1979|1940'
'Alabama|AL7|File:Terri_A._Sewell_113th_Congress.jpg|Sewell|| Terri|Democratic|Unspecified Protestant|Attorney|Princeton_University , Harvard_School_of_Law, University_of_Oxford|2011|1965'
'Arizona|AZ7|File:Ed_Pastor_113th_Congress.jpg|Pastor|| Ed|Democratic|Roman Catholic|Maricopa_County,_Arizona |Arizona_State_University, University_of_Arizona|1991*|1943'
'California|CA7|File:Ami_Bera_113th_Congress.jpg|Bera|| Ami|Democratic|Unitarian_Universalism |Chief_Medical_Officer|University_of_California,_Irvine |2013|1965'
'Colorado|CO7|File:Ed_Perlmutter_113th_Congress.jpg|Perlmutter|| Ed|Democratic|United Methodist|Colorado_Senate |University_of_Colorado_at_Boulder |2007|1953'
'Florida|FL7|File:John_L._Mica_113th_Congress.jpg|Mica|| John|Republican|Episcopalian|Florida_House_of_Representatives |University_of_Florida |1993|1943'
'Georgia|GA7|File:Rob_Woodall_113th_Congress.jpg|Woodall|| Rob|Republican|United Methodist|Political aide, Attorney|Furman_University, University_of_Georgia |2011|1970'
'Illinois|IL7|File:Danny_K2_Davis.jpeg|Davis|| Danny K.|Democratic|Baptist|Chicago_City_Council |University_of_Arkansas_at_Pine_Bluff ,Chicago_State_University, Union_Institute_and_University |1997|1941'
'Indiana|IN7|File:Andr%C3%A9_Carson_113th_Congress.jpg|Carson|| André|Democratic|Muslim |Indianapolis_City-County_Council |Concordia_University_Wisconsin, Indiana_Wesleyan_University |2008*|1974'
'Massachusetts|MA7|File:Mike_Capuano_113th_Congress.jpg|Capuano|| Mike|Democratic|Roman Catholic|Mayor of Somerville,_Massachusetts |Dartmouth_College, Boston_College_Law_School |1999|1952'
'Maryland|MD7|File:Elijah_Cummings_113th_Congress.jpg|Cummings|| Elijah|Democratic|American_Baptist_Churches_USA |Speaker Pro_tempore |Howard_University, University_of_Maryland |1996*|1951'
'Michigan|MI7|File:Tim_Walberg_113th_Congress.jpg|Walberg|| Tim|Republican|United_Brethren |U.S. House|Taylor_University, Wheaton_College_(Illinois) |2011|1951'
'Minnesota|MN7|File:Collin_Peterson,_Official_Portrait,_c.112th_Congress.jpg|Peterson|| Collin|DFL|Evangelical_Lutheran_Church_in_America |Certified Public Accountant, Minnesota_Senate |Moorhead_State_University |1991|1944'
'Missouri|MO7|File:Billy_Long_113th_Congress.jpg|Long|| Billy|Republican|Presbyterian PC(USA)||auctioneer|2011|1955'
'Ohio|OH7|File:Bob_Gibbs_113th_Congress.jpg|Gibbs|| Bob|Republican|United Methodist|Ohio_House_of_Representatives|Ohio_State_University_Agricultural_Technical_Institute |2011|1954'
'Pennsylvania|PA7|File:Patrick_Meehan_113th_Congress.jpg|Meehan|| Pat|Republican|Roman Catholic|Delaware_County,_Pennsylvania|Bowdoin_College,Temple_Law_School |2011|1955'
'Tennessee|TN7|File:Marsha_Blackburn_113th_Congress.jpg|Blackburn|| Marsha|Republican|Presbyterian PC(USA)|Tennessee_Senate |Mississippi_State_University |2003|1952'
'Texas|TX7|File:John_Abney_Culberson_113th_Congress.jpg|Culberson|| John|Republican|United Methodist|Texas_House_of_Representatives|Southern_Methodist_University,South_Texas_College_of_Law |2001|1956'
'Virginia|VA7|File:Eric_Cantor_113th_Congress.jpg|Cantor|| Eric|Republican|Jewish |Virginia_House_of_Delegates |George_Washington_University ,College_of_William_and_Mary, Columbia_University |2001|1963'
'Washington|WA7|File:Jimmcdermott.jpg|McDermott|| Jim|Democratic|Episcopalian|Psychiatrist, Washington_State_Senate |Wheaton_College_(Illinois) University_of_Illinois |1989|1936'
'Wisconsin|WI7|File:Sean_P._Duffy_113th_Congress.jpg|Duffy|| Sean|Republican|Roman Catholic|Ashland_County,_Wisconsin |Saint_Mary University_of_Minnesota,William_Mitchell_College_of_Law |2011|1971'
'Arizona|AZ8|File:Trent_Franks_113th_Congress.jpg|Franks|| Trent|Republican|Baptist - SBC|Arizona_House_of_Representatives |Ottawa_University|2003|1957'
'California|CA8|File:Paul_Cook_113th_Congress.jpg|Cook|| Paul|Republican|Roman Catholic|California_State_Assembly |Southern_Connecticut_State_University, California_State_University,_San_Bernardino ,University_of_California,_Riverside |2013|1943'
'Florida|FL8|File:Bill_Posey_113th_Congress.jpg|Posey|| Bill|Republican|United Methodist|Florida_Senate |Nova_Southeastern_University |2009|1947'
'Georgia|GA8|File:Austin_Scott_113th_Congress.jpg|Scott|| Austin|Republican|Baptist - SBC|Georgia_House_of_Representatives |University_of_Georgia |2011|1969'
'Illinois|IL8|File:Tammy_Duckworth_113th_Congress.jpg|Duckworth|| Tammy|Democratic|Unspecified|Assistant Secretary of the United_States_Department_of_Veterans_Affairs |University_of_Hawaii_at_MCnoa, George_Washington_University, Northern_Illinois_University |2013|1968'
'Indiana|IN8|File:Larry_Bucshon_113th_Congress.jpg|Bucshon|| Larry|Republican|Lutheran_Church%E2%80%93Missouri_Synod |Heart Surgeon|University_of_Illinois_at_Urbana-Champaign, University_of_Illinois_Medical_School |2011|1962'
'Massachusetts|MA8|File:Stephen_Lynch_113th_Congress.jpg|Lynch|| Stephen|Democratic|Roman Catholic|Massachusetts_State_Legislature |Wentworth_Institute_of_Technology, Boston_College_Law_School |2001*|1955'
'Maryland|MD8|File:Chris_Van_Hollen_113th_Congress.jpg|Van Hollen|| Chris|Democratic|Episcopalian|Maryland_State_Senate |Swarthmore_College Harvard_University, Georgetown_University |2003|1959'
'Michigan|MI8|File:Michael_J._Rogers_113th_Congress.jpg|Rogers|| Mike|Republican|United Methodist|Michigan_Senate |Adrian_College |2001|1963'
'Minnesota|MN8|File:Richard_M._Nolan_113th_Congress.jpg|Nolan|| Rick|Democratic|Roman Catholic|U.S. House, businessman|College_of_Saint_Benedict_and_Saint_John University, University_of_Minnesota, University_of_Maryland, St._Cloud_State_University |2013|1943'
'Missouri|MO8|File:Jason_T._Smith_113th_Congress.jpg|Smith|| Jason T.|Republican|Assemblies_of_God |Missouri_House_of_Representatives |University_of_Missouri |2013|1980'
'Ohio|OH8|File:John_Boehner_113th_Congress_2013.jpg|Boehner|| John|Republican|Roman Catholic|Ohio_House_of_Representatives |Xavier_University_(Cincinnati) |1991|1949'
'Pennsylvania|PA8|File:Michael_G._Fitzpatrick_113th_Congress.jpg|Fitzpatrick|| Mike|Republican|Roman Catholic|U.S. House|St._Thomas_University_(Florida), Dickinson_School_of_Law |2011|1963'
'Tennessee|TN8|File:Stephen_Fincher_2.jpg|Fincher|| Stephen|Republican|United Methodist||farmer|2011|1973'
'Texas|TX8|File:Kevinbrady.jpeg|Brady|| Kevin|Republican|Roman Catholic|Beaumont, Texas Chamber of Commerce executive|University_of_South_Dakota |1997|1955'
'Virginia|VA8|File:James_P._Moran_113th_Congress.jpg|Moran|| Jim|Democratic|Roman Catholic|Mayor of Alexandria,_Virginia |College_of_the_Holy_Cross, University_of_Pittsburgh |1991|1945'
'Washington|WA8|File:David_G._Reichert_113th_Congress.jpg|Reichert|| Dave|Republican|Lutheran_Church%E2%80%93Missouri_Synod |King County Sheriff|Concordia_University,_Portland |2005|1950'
'Wisconsin|WI8|File:Reid_J._Ribble_113th_Congress.jpg|Ribble|| Reid|Republican|Nondenominational Christian||businessman|2011|1956'
'Arizona|AZ9|File:Kyrsten_Sinema_113th_Congress.jpg|Sinema|| Kyrsten|Democratic|None|Arizona_Senate |Brigham_Young_University , Arizona_State_University|2013|1976'
'California|CA9|File:Jerry_McNerney_113th_Congress.jpg|McNerney|| Jerry|Democratic|Roman Catholic|Engineering executive|University_of_New_Mexico |2007|1951'
'Florida|FL9|File:Alan_Grayson_113th_Congress.jpg|Grayson|| Alan|Democratic|Jewish |U.S. House|Harvard_University |2013|1958'
'Georgia|GA9|File:Doug_Collins_113th_Congress.jpg|Collins|| Doug|Republican|Baptist - SBC|Georgia_House_of_Representatives |North_Georgia_College, New_Orleans_Baptist_Theological_Seminary |2013|1966'
'Illinois|IL9|File:Jan_Schakowsky_113th_Congress.jpg|Schakowsky|| Jan|Democratic|Jewish |Illinois_House_of_Representatives |University_of_Illinois_at_Urbana%E2%80%93Champaign |1999|1944'
'Indiana|IN9|File:Todd_C._Young_113th_Congress.jpg|Young|| Todd|Republican|Churches_of_Christ |Deputy Prosecutor for Orange_County,_Indiana |United_States_Naval_Academy, University_of_Chicago, University_of_London, Indiana_University |2011|1972'
'Massachusetts|MA9|File:Bill_Keating_113th_Congress.jpg|Keating|| Bill|Democratic|Roman Catholic|Massachusetts_House_of_Representatives |Boston_College, Suffolk_University_Law_School |2011|1952'
'Michigan|MI9|File:Sander_Levin_113th_Congress.jpg|Levin|| Sander|Democratic|Jewish |U.S. Government administrator|University_of_Chicago Columbia_University, Harvard_Law_School |1983|1931'
'Ohio|OH9|File:Marcy_Kaptur_113th_Congress.jpg|Kaptur|| Marcy|Democratic|Roman Catholic|Domestic Policy Advisor, Carter Adm.|University_of_Wisconsin, University_of_Michigan, Massachusetts_Institute_of_Technology |1983|1946'
'Pennsylvania|PA9|File:Bill_Shuster_113th_Congress.jpg|Shuster|| Bill|Republican|Evangelical_Lutheran_Church_in_America|Businessman|Dickinson_College,American_University |2001*|1961'
'Tennessee|TN9|File:Stevecohen.jpeg|Cohen|| Steve|Democratic|Jewish |Tennessee_Senate |Vanderbilt_University,University_of_Memphis |2007|1949'
'Texas|TX9|File:Al_Green_113th_Congress.jpg|Green|| Al|Democratic|Baptist - SBC|Harris_County,_Texas |Florida_A%26M_University,Tuskeegee_Institute ,Texas_Southern_University |2005|1947'
'Virginia|VA9|File:H._Morgan_Griffith_113th_Congress.jpg|Griffith|| Morgan|Republican|Episcopal_Church_(United_States)|Virginia_House_of_Delegates |Emory_and_Henry_College, Washington_and_Lee_University |2011|1958'
'Washington|WA9|File:Adam_Smith_113th_Congress.jpg|Smith|| Adam|Democratic|Episcopal_Church_(United_States) |Washington_State_Senate |Fordham_University, University_of_Washington |1997|1965'
'California|CA10|File:Jeff_Denham_113th_Congress.jpg|Denham|| Jeff|Republican|Presbyterian PC(USA)|California_State_Senate |California_Polytechnic_State_University |2011|1967'
'Florida|FL10|File:Daniel_Webster_113th_Congress.jpg|Webster|| Daniel|Republican|Baptist - SBC|Florida_Senate |Georgia_Institute_of_Technology |2011|1949'
'Georgia|GA10|File:Paul_Broun_113th_Congress.jpg|Broun|| Paul|Republican|Baptist - SBC|Physician|University_of_Georgia, Medical_College_of_Georgia |2007*|1946'
'Illinois|IL10|File:Bradley_Schneider_113th_Congress.jpg|Schneider|| Brad|Democratic|Jewish |Businessman|Northwestern_University |2013|1961'
'Michigan|MI10|File:Candice_Miller_113th_Congress.jpg|Miller|| Candice|Republican|Presbyterian PC(USA)|Harrison_Township,_Michigan |Macomb_Community_College Northwood_University |2003|1954'
'Ohio|OH10|File:Michael_R._Turner_113th_Congress.jpg|Turner|| Mike|Republican|Presbyterian|Mayor of Dayton,_Ohio|Ohio_Northern_University, Case_Western_Reserve_University, University_of_Dayton |2003|1960'
'Pennsylvania|PA10|File:Tom_Marino_113th_Congress.jpg|Marino|| Tom|Republican|Roman Catholic|U.S. Attorney|Lycoming_College,Dickinson_School_of_Law |2011|1952'
'Texas|TX10|File:Michael_T._McCaul_113th_Congress.jpg|McCaul|| Michael|Republican|Roman Catholic|Attorney, federal prosecutor|Trinity_University_(Texas),St._Mary University Texas, John_F._Kennedy_School_of_Government |2005|1962'
'Virginia|VA10|File:Frank_R._Wolf_113th_Congress.jpg|Wolf|| Frank|Republican|Presbyterian PC(USA)|Assistant to the Secretary of the Interior|Pennsylvania_State_University, Georgetown_University |1981|1939'
'Washington|WA10|File:Denny_Heck_113th_Congress.jpg|Heck|| Dennis|Democratic|Evangelical_Lutheran_Church_in_America |Washington_House_of_Representatives |The_Evergreen_State_College |2013|1952'
'California|CA11|File:George_Miller_113th_Congress.jpg|Miller|| George|Democratic|Roman Catholic|Political aide|San_Francisco_State_University, University_of_California_Davis |1975|1945'
'Florida|FL11|File:Richard_Nugent_113th_Congress.jpg|Nugent|| Rich|Republican|United Methodist|Hernando_County_Sheriff Office |Saint_Leo_University, Troy_University |2011|1951'
'Georgia|GA11|File:Phil_Gingrey_113th_Congress.jpg|Gingrey|| Phil|Republican|Roman Catholic|Georgia_State_Senate |Georgia_Institute_of_Technology, Medical_College_of_Georgia |2003|1942'
'Illinois|IL11|File:Bill_Foster_113th_Congress.jpg|Foster|| Bill|Democratic|Unspecified|U.S. House|University_of_Wisconsin Madison, Harvard_University |2013|1955'
'Michigan|MI11|File:Kerry_Bentivolio_113th_Congress.jpg|Bentivolio|| Kerry|Republican|Roman Catholic|Teacher, engineer|Saint_Mary College_(Michigan), Marygrove_College |2013|1951'
'Ohio|OH11|File:Marcia_L._Fudge_113th_Congress.jpg|Fudge|| Marcia|Democratic|Baptist|Mayor of Warrensville_Heights,_Ohio |Ohio_State_University,Cleveland-Marshall_College_of_Law |2008*|1952'
'Pennsylvania|PA11|File:Lou_Barletta_113th_Congress.jpg|Barletta|| Lou|Republican|Roman Catholic||Mayor of Hazleton,_Pennsylvania |2011|1956'
'Texas|TX11|File:Kenneth_Michael_Conaway_113th_Congress.jpg|Conaway|| Mike|Republican|Baptist - SBC|oil exploration executive|Texas_A%26M_University%E2%80%93Commerce |2005|1948'
'Virginia|VA11|File:Gerald_E._Connolly_113th_Congress.jpg|Connolly|| Gerry|Democratic|Roman Catholic|Public_administration |Maryknoll College (Illinois) (closed),Harvard_University |2009|1950'
'California|CA12|File:Nancy_Pelosi_113th_Congress_2013.jpg|Pelosi|| Nancy|Democratic|Roman Catholic|Northern California Democratic Party Chairwoman|Trinity_Washington_University|1987*|1940'
'Florida|FL12|File:Gus_M._Bilirakis_113th_Congress.jpg|Bilirakis|| Gus|Republican|Eastern_Orthodox_Church |Florida_House_of_Representatives |University_of_Florida, Stetson_University_College_of_Law |2007|1963'
'Georgia|GA12|File:John_Barrow_113th_Congress.jpg|Barrow|| John|Democratic|Cooperative_Baptist_Fellowship |Clarke_County,_Georgia |University_of_Georgia, Harvard_University |2005|1955'
'Illinois|IL12|File:William_Enyart_113th_Congress.jpg|Enyart|| William|Democratic|United_Church_of_Christ |Adjutant_general_of_Illinois |Southern_Illinois_University_Carbondale, United_States_Army_War_College |2013|1949'
'Michigan|MI12|File:JohnnyDingell.jpeg|Dingell|| John|Democratic|Roman Catholic|asst. prosecutor, Wayne_County,_Michigan |Georgetown_University |1955*|1926'
'Ohio|OH12|File:Patrick_J._Tiberi_113th_Congress.jpg|Tiberi|| Pat|Republican|Roman Catholic|Ohio_House_of_Representatives |Ohio_State_University, Capital_University |2001|1962'
'Pennsylvania|PA12|File:Keith_J._Rothfus_113th_Congress.jpg|Rothfus|| Keith|Republican|Roman Catholic|Attorney|University_at_Buffalo,_The_State_University_of_New_York,University_of_Notre_Dame |2013|1962'
'Texas|TX12|File:Kay_Granger_113th_Congress.jpg|Granger|| Kay|Republican|United Methodist|Mayor of Fort_Worth |Texas_Wesleyan_University |1999|1943'
'California|CA13|File:Barbara_Lee_113th_Congress.jpg|Lee|| Barbara|Democratic|Progressive_National_Baptist_Convention |California_State_Assembly|Mills_College,University_of_California,_Berkeley|1998*|1946'
'Florida|FL13|File:David_Jolly.jpg|Jolly|| David|Republican||Attorney, general counsel to former Congressman Bill_Young |Emory_University, George_Mason_University_School_of_Law |2014|1972'
'Georgia|GA13|File:David_Scott_113th_Congress.jpg|Scott|| David|Democratic|Baptist|Georgia_State_Senate |Florida_A%26M_University |2003|1946'
'Illinois|IL13|File:Rodney_Davis_113th_Congress.jpg|Davis|| Rodney L.|Republican|Roman Catholic|Congressional Staffer|Millikin_University |2013|1970'
'Michigan|MI13|File:John_Conyers_113th_Congress.jpg|Conyers|| John|Democratic|National_Baptist_Convention,_USA,_Inc. |Congressional aide|Wayne_State_University|1965|1929'
'Ohio|OH13|File:Tim_Ryan_113th_Congress.jpg|Ryan|| Tim|Democratic|Roman Catholic|Ohio_Senate |Bowling_Green_State_University,University_of_New_Hampshire_School_of_Law |2003|1973'
'Pennsylvania|PA13|File:Allysonschwartz.jpg|Schwartz|| Allyson|Democratic|Jewish |Pennsylvania_State_Senate|Simmons_College_(Massachusetts),Bryn_Mawr_College |2005|1948'
'Texas|TX13|File:Mac_Thornberry_113th_Congress.jpg|Thornberry|| Mac|Republican|Presbyterian PC(USA)|Rancher, attorney|Texas_Tech_University, University_of_Texas_Law_School |1995|1958'
'California|CA14|File:Jackie_Speier_113th_Congress.jpg|Speier|| Jackie|Democratic|Roman Catholic|California_State_Senate |University_of_California,_Davis , University_of_California,_Hastings_College_of_the_Law |2008*|1950'
'Florida|FL14|File:Kathy_Castor_113th_Congress.jpg|Castor|| Kathy|Democratic|Presbyterian PC(USA)|Assistant General Counsel to the Florida Department of Community Affairs, President of the Florida Association of Women Lawyers, Hillsborough_County,_Florida |Emory_University |2007|1966'
'Georgia|GA14|File:Tom_Graves_113th_Congress.jpg|Graves|| Tom|Republican|Baptist - SBC|Georgia_House_of_Representatives |University_of_Georgia |2010*|1970'
'Illinois|IL14|File:Randy_Hultgren_113th_Congress.jpg|Hultgren|| Randy|Republican|Nondenominational Christian|Illinois_Senate |Bethel_University_(Minnesota), Chicago-Kent_College_of_Law |2011|1966'
'Michigan|MI14|File:Gary_Peters_113th_Congress.jpg|Peters|| Gary|Democratic|Episcopalian|Michigan_Senate |Alma_College, University_of_Detroit_Mercy,Wayne_State_University_Law_School |2009|1958'
'Ohio|OH14|File:David_P._Joyce_113th_Congress.jpg|Joyce|| David|Republican|Roman Catholic|Geauga_County,_Ohio |University_of_Dayton |2013|1957'
'Pennsylvania|PA14|File:Michael_F._Doyle_113th_Congress.jpg|Doyle|| Michael|Democratic|Roman Catholic|State Senator Chief of Staff|Penn_State_University |1995|1953'
'Texas|TX14|File:Randy_K._Weber_113th_Congress.jpg|Weber|| Randy|Republican|Baptist - SBC|Texas_House_of_Representatives |University_of_Houston%E2%80%93Clear_Lake |2013|1953'
'California|CA15|File:Eric_Swalwell_113th_Congress.jpg|Swalwell|| Eric|Democratic|unspecified Christian|Dublin,_California |University_of_Maryland,_College_Park, University_of_Maryland_School_of_Law |2013|1980'
'Florida|FL15|File:Dennis_Ross_113th_Congress.jpg|Ross|| Dennis|Republican|Presbyterian PC(USA)|Florida_House_of_Representatives |Auburn_University, Cumberland_School_of_Law |2011|1959'
'Illinois|IL15|File:John_Shimkus_113th_Congress.jpg|Shimkus|| John|Republican|Lutheran_Church%E2%80%93Missouri_Synod |Madison_County,_Illinois |United_States_Military_Academy, Southern_Illinois_University |1997|1958'
'Ohio|OH15|File:Steve_Stivers_113th_Congress.jpg|Stivers|| Steve|Republican|United Methodist|Ohio_Senate |Ohio_State_University |2011|1965'
'Pennsylvania|PA15|File:Charles_W._Dent_113th_Congress.jpg|Dent|| Charlie|Republican|Presbyterian PC(USA)|Pennsylvania_State_Senate|Penn_State_University,Lehigh_University |2005|1960'
'Texas|TX15|File:Rub%C3%A9n_Hinojosa_113th_Congress.jpg|Hinojosa|| Rubén|Democratic|Roman Catholic|food processing executive, Texas_State_Board_of_Education |University_of_Texas_at_Austin ,University_of_Texas-Pan_American |1997|1940'
'California|CA16|File:Jim_Costa_113th_Congress.jpg|Costa|| Jim|Democratic|Roman Catholic|California_State_Senate|California_State_University,_Fresno |2005|1952'
'Florida|FL16|File:Vern_Buchanan_113th_Congress.jpg|Buchanan|| Vern|Republican|Baptist - SBC|Auto Dealer|Cleary_University |2007|1951'
'Illinois|IL16|File:Adam_Kinzinger_113th_Congress.jpg|Kinzinger|| Adam|Republican|Protestant |McLean_County,_Illinois |Illinois_State_University |2011|1978'
'Ohio|OH16|File:James_P._Renacci_113th_Congress.jpg|Renacci|| Jim|Republican|Roman Catholic|businessman, CPA|Indiana_University_of_Pennsylvania |2011|1958'
'Pennsylvania|PA16|File:Joseph_R._Pitts_113th_Congress.jpg|Pitts|| Joe|Republican|Nondenominational Christian|State Representative, Pennsylvania|Asbury_University |1997|1939'
'Texas|TX16|File:Beto_O%27Rourke_113th_Congress.jpg|O\'Rourke|| Beto|Democratic|Roman Catholic|El_Paso,_Texas|Columbia_University |2013|1972'
'California|CA17|File:Mike_Honda_113th_Congress.jpg|Honda|| Mike|Democratic|Protestant |California_State_Assembly |San_Jose_State_University |2001|1941'
'Florida|FL17|File:Thomas_Rooney_113th_Congress.jpg|Rooney|| Tom|Republican|Roman Catholic|Criminal Prosecutor Florida Department of Justice, Attorney|Washington_%26_Jefferson_College, University_of_Florida |2009|1970'
'Illinois|IL17|File:Cheri_Bustos_113th_Congress.jpg|Bustos|| Cheri|Democratic|Roman Catholic|East_Moline,_Illinois |University_of_Maryland,University_of_Illinois_at_Springfield |2013|1961'
'Pennsylvania|PA17|File:Matt_Cartwright_113th_Congress.jpg|Cartwright|| Matt|Democratic|Roman Catholic|Attorney|Hamilton_College_(New_York),University_of_Pennsylvania_Law_School |2013|1961'
'Texas|TX17|File:Bill_Flores_113th_Congress.jpg|Flores|| Bill|Republican|Baptist - SBC|businessman|Texas_A%26M_University,Houston_Baptist_University |2011|1954'
'California|CA18|File:Anna_Eshoo_113th_Congress.jpg|Eshoo|| Anna|Democratic|Chaldean_Catholic|San_Mateo_County_Board_of_Supervisors |Ca%C3%B1ada_College, Menlo_College |1993|1942'
'Florida|FL18|File:Patrick_Murphy_113th_Congress.jpg|Murphy|| Patrick|Democratic|Roman Catholic|Accountant|University_of_Miami |2013|1983'
'Illinois|IL18|File:Aaron_Schock_113th_Congress.jpg|Schock|| Aaron|Republican|Conservative_Baptist_Association |Illinois_House_of_Representatives |Bradley_University |2009|1981'
'Pennsylvania|PA18|File:Timothy_F._Murphy_113th_Congress.jpg|Murphy|| Timothy F.|Republican|Roman Catholic|Pennsylvania_State_Senate |Wheeling_Jesuit_University,Cleveland_State_University,University_of_Pittsburgh |2003|1952'
'Texas|TX18|File:Sheila_Jackson_Lee_113th_Congress.jpg|Jackson Lee|| Sheila|Democratic|Seventh-day_Adventist_Church |Houston_City_Council|Yale_University ,University_of_Virginia_Law_School |1995|1950'
'California|CA19|File:Zoe_Lofgren_111th_pictorial.jpg|Lofgren|| Zoe|Democratic|Evangelical_Lutheran_Church_in_America |Santa_Clara_County,_California |Stanford_University, Santa_Clara_University |1995|1947'
'Florida|FL19| |Vacant||||||||'
'Texas|TX19|File:Randy_Neugebauer_113th_Congress.jpg|Neugebauer|| Randy|Republican|Baptist - SBC|Lubbock,_Texas |Texas_Tech_University |2003|1949'
'California|CA20|File:Sam_Farr_113th_Congress.jpg|Farr|| Sam|Democratic|Episcopalian|California_State_Assembly |Willamette_University, Santa_Clara_University, Monterey_Institute_of_International_Studies |1993|1941'
'Florida|FL20|File:Alcee_Hastings_Portrait_c111-112th_Congress.jpg|Hastings|| Alcee|Democratic|African Methodist|United_States_District_Court_for_the_Southern_District_of_Florida |Fisk_University |1993|1936'
'Texas|TX20|File:Joaqu%C3%ADn_Castro_113th_Congress.jpg|Castro|| Joaquín|Democratic|Roman Catholic|Texas_House_of_Representatives |Stanford_University, Harvard_Law_School |2013|1974'
'California|CA21|File:David_Valadao_113th_Congress.jpg|Valadao|| David|Republican|Roman Catholic|California_State_Assembly |College_of_the_Sequoias |2013|1977'
'Florida|FL21|File:Theodore_E._Deutch_113th_Congress.jpg|Deutch|| Ted|Democratic|Jewish |Florida_Senate |University_of_Michigan, University_of_Michigan_Law_School |2010*|1966'
'Texas|TX21|File:Lamar_S._Smith_113th_Congress.jpg|Smith|| Lamar S.|Republican|Christian_Scientist |Bexar County, Texas commissioner|Yale_University ,Southern_Methodist_University_School_of_Law |1987|1947'
'California|CA22|File:Devin_Nunes_113th_Congress.jpg|Nunes|| Devin|Republican|Roman Catholic|California State Director for the USDA |College_of_the_Sequoias, California_Polytechnic_State_University |2003|1973'
'Florida|FL22|File:Lois_Frankel_113th_Congress.jpg|Frankel|| Lois|Democratic|Jewish |West_Palm_Beach,_Florida |Boston_University, Georgetown_University_Law_Center |2013|1948'
'Texas|TX22|File:Pete_Olson_113th_Congress.jpg|Olson|| Pete|Republican|United Methodist|Congressional aide|Rice_University ,University_of_Texas_at_Austin |2009|1962'
'California|CA23|File:Kevin_McCarthy_113th_Congress.jpg|McCarthy|| Kevin|Republican|Baptist - SBC|California_State_Assembly |California_State_University,_Bakersfield |2007|1965'
'Florida|FL23|File:Debbie_Wasserman_Schultz_113th_Congress.jpg|Wasserman Schultz|| Debbie|Democratic|Jewish |Florida_Senate |University_of_Florida |2005|1966'
'Texas|TX23|File:Pete_P._Gallego_113th_Congress.jpg|Gallego|| Pete|Democratic|Roman Catholic|Texas_House_of_Representatives|Sul_Ross_State_University,University_of_Texas_School_of_Law |2013|1961'
'California|CA24|File:Lois_Capps_113th_Congress.jpg|Capps|| Lois|Democratic|Evangelical_Lutheran_Church_in_America |Nurse, Teacher|Pacific_Lutheran_University, Yale_University, University_of_California,_Santa_Barbara |1998*|1938'
'Florida|FL24|File:Frederica_Wilson_113th_Congress.jpg|Wilson|| Frederica|Democratic|Episcopal_Church_(United_States) |Florida_Senate |Fisk_University, University_of_Miami |2011|1942'
'Texas|TX24|File:Kenny_Marchant_113th_Congress.jpg|Marchant|| Kenny|Republican|Church_of_the_Nazarene|mayor of Carrollton,_Texas |Southern_Nazarene_University |2005|1951'
'California|CA25|File:Howard_McKeon_113th_Congress.jpg|McKeon|| Howard|Republican|The_Church_of_Jesus_Christ_of_Latter-day_Saints |Santa_Clarita,_California|Brigham_Young_University |1993|1938'
'Florida|FL25|File:Mario_Diaz-Balart_113th_Congress.jpg|Diaz-Balart|| Mario|Republican|Roman Catholic|Florida_Senate |University_of_South_Florida |2003|1961'
'Texas|TX25|File:Roger_Williams_113th_Congress.jpg|Williams|| Roger|Republican|Disciples_of_Christ|Secretary_of_State_of_Texas|Texas_Christian_University |2013|1949'
'California|CA26|File:Julia_Brownley_113th_Congress.jpg|Brownley|| Julia|Democratic|Episcopal_Church_(United_States)|California_State_Assembly |George_Washington_University,American_University |2013|1952'
'Florida|FL26|File:Joe_Garcia_113th_Congress.jpg|Garcia|| Joe|Democratic|Roman Catholic|United_States_Department_of_Energy |Belen_Jesuit_Preparatory_School University_of_Miami, University_of_Miami_School_of_Law |2013|1963'
'Texas|TX26|File:Michael_C._Burgess_113th_Congress.jpg|Burgess|| Michael|Republican|Reformed_Episcopal_Church|physician|University_of_North_Texas,University_of_Texas_Health_Science_Center_at_Houston |2003|1950'
'California|CA27|File:Judy_Chu_113th_Congress.jpg|Chu|| Judy|Democratic|Baptist|Mayor of Monterey_Park,_California |University_of_California,_Los_Angeles |2009*|1953'
'Florida|FL27|File:Ileana_Ros-Lehtinen_113th_Congress.jpg|Ros-Lehtinen|| Ileana|Republican|Episcopalian|Florida_Senate |Florida_International_University, University_of_Miami |1989|1952'
'Texas|TX27|File:Blake_Farenthold_113th_Congress.jpg|Farenthold|| Blake|Republican|Episcopal_Church_(United_States)|attorney|University_of_Texas_at_Austin,St._Mary University_School_of_Law |2011|1961'
'California|CA28|File:Adam_Schiff_113th_Congress.jpg|Schiff|| Adam|Democratic|Jewish |California_State_Senate |Stanford_University ,Harvard_University |2001|1960'
'Texas|TX28|File:Henry_Cuellar_113th_Congress.jpg|Cuellar|| Henry|Democratic|Roman Catholic|Texas_House_of_Representatives |Edmund_A._Walsh_School_of_Foreign_Service, University_of_Texas_at_Austin |2005|1955'
'California|CA29|File:Tony_Cardenas_113th_Congress.jpg|Cardenas|| Tony|Democratic|Christian|Los_Angeles_City_Council |University_of_California,_Santa_Barbara |2013|1963'
'Texas|TX29|File:Gene_Green_113th_Congress.jpg|Green|| Gene|Democratic|United Methodist|Texas_House_of_Representatives |University_of_Houston |1993|1947'
'California|CA30|File:Brad_Sherman_113th_Congress.jpg|Sherman|| Brad|Democratic|Jewish |California_Board_of_Equalization |University_of_California,_Los_Angeles Harvard_Law_School |1997|1954'
'Texas|TX30|File:Eddie_Bernice_Johnson_113th_Congress.jpg|Johnson|| Eddie|Democratic|National_Baptist_Convention,_USA,_Inc. |Texas_Senate |Saint_Mary College_(Indiana),Texas_Christian_University, Southern_Methodist_University |1991|1935'
'California|CA31|File:Gary_Miller_113th_Congress.jpg|Miller|| Gary|Republican|Nondenominational Christian|California_State_Assembly |Mount_San_Antonio_College |1999|1948'
'Texas|TX31|File:John_R._Carter_113th_Congress.jpg|Carter|| John|Republican|Evangelical_Lutheran_Church_in_America |district judge|Texas_Tech_University, University_of_Texas_at_Austin |2003|1941'
'California|CA32|File:Grace_Napolitano_113th_Congress.jpg|Napolitano|| Grace|Democratic|Roman Catholic|California_State_Assembly |Texas_Southmost_College |1999|1936'
'Texas|TX32|File:Pete_Sessions_113th_Congress.jpg|Sessions|| Pete|Republican|United Methodist|marketing executive|Southwestern_University |1997|1955'
'California|CA33|File:Henry_Waxman_113th_Congress.jpg|Waxman|| Henry|Democratic|Jewish |California_State_Assembly |University_of_California,_Los_Angeles |1975|1939'
'Texas|TX33|File:Marc_A._Veasey_113th_Congress.jpg|Veasey|| Marc|Democratic|Baptist|Texas_House_of_Representatives|Texas_Wesleyan_University |2013|1971'
'California|CA34|File:Xavier_Becerra_113th_Congress.jpg|Becerra|| Xavier|Democratic|Roman Catholic|California_State_Assembly |Stanford_University|1993|1958'
'Texas|TX34|File:Filemon_Vela,_Jr._113th_Congress.jpg|Vela| Jr.| Filemon|Democratic|Roman Catholic|Attorney|Georgetown_University, University_of_Texas_School_of_Law |2013|1963'
'California|CA35|File:Gloria_Negrete_McLeod_113th_Congress.jpg|McLeod|| Gloria Negrete|Democratic|Roman Catholic|California_State_Senate |Chaffey_College|2013|1941'
'Texas|TX35|File:Lloyd_Doggett_113th_Congress.jpg|Doggett|| Lloyd|Democratic|United Methodist|Texas_Senate |University_of_Texas_at_Austin |1995|1946'
'California|CA36|File:Raul_Ruiz_113th_Congress.jpg|Ruiz|| Raul|Democratic|Seventh-day_Adventist|Emergency physician|University_of_California,_Los_Angeles, Harvard_University |2013|1972'
'Texas|TX36|File:Steve_Stockman_113th_Congress.jpg|Stockman|| Steve|Republican|Baptist - SBC|U.S. House|University_of_Houston%E2%80%93Clear_Lake |2013|1956'
'California|CA37|File:Karen_Bass_113th.jpg|Bass|| Karen|Democratic|Baptist|Speaker of the California_State_Assembly |California_State_University,_Dominguez_Hills |2011|1953'
'California|CA38|File:Linda_S%C3%A1nchez_113th_Congress.jpg|Sánchez|| Linda|Democratic|Roman Catholic|Attorney|University_of_California,_Berkeley, University_of_California,_Los_Angeles |2003|1969'
'California|CA39|File:Ed_Royce_113th_Congress.jpg|Royce|| Ed|Republican|Roman Catholic|California_State_Senate |California_State_University,_Fullerton |1993|1951'
'California|CA40|File:Lucille_Roybal-Allard_113th_Congress.jpg|Roybal-Allard|| Lucille|Democratic|Roman Catholic|public relations executive|California_State_University,_Los_Angeles |1993|1941'
'California|CA41|File:Mark_Takano_113th_Congress.jpg|Takano|| Mark|Democratic|United Methodist|Teacher|Harvard_University |2013|1960'
'California|CA42|File:Ken_Calvert_113th_Congress.jpg|Calvert|| Ken|Republican|United_Church_of_Christ |Real_Estate |Chaffey_College San_Diego_State_University |1993|1953'
'California|CA43|File:Maxine_Waters,_official_photo_portrait,_111th_Congress.jpg|Waters|| Maxine|Democratic|unspecified Christian|California_State_Assembly |California_State_University,_Los_Angeles |1991|1938'
'California|CA44|File:Janice_Hahn_113th_Congress.jpg|Hahn|| Janice|Democratic|Churches_of_Christ |Los_Angeles_City_Council |Abilene_Christian_University |2011*|1952'
'California|CA45|File:John_Campbell_113th_Congress.jpg|Campbell|| John|Republican|Presbyterian PC(USA)|California_State_Senate |University_of_California,_Los_Angeles, University_of_Southern_California |2005|1955'
'California|CA46|File:Loretta_Sanchez_113th_Congress.jpg|Sanchez|| Loretta|Democratic|Roman Catholic|Financial analyst|Chapman_University American_University |1997|1960'
'California|CA47|File:Alan_Lowenthal_113th_Congress.jpg|Lowenthal|| Alan|Democratic|Jewish |California_State_Senate |Ohio_State_University Hobart_and_William_Smith_Colleges#Hobart_College |2013|1941'
'California|CA48|File:Dana_Rohrabacher_113th_Congress.jpg|Rohrabacher|| Dana|Republican|Baptist|Special assistant to Ronald Reagan|California_State_University,_Long_Beach University_of_Southern_California |1989|1947'
'California|CA49|File:Darrell_Issa_113th_Congress.jpg|Issa|| Darrell|Republican|Eastern_Orthodox |Electronics executive|Kent_State_University |2001|1953'
'California|CA50|File:Duncan_Hunter_113th_Congress.jpg|Hunter|| Duncan D.|Republican|Baptist - SBC|Military officer, businessman|San_Diego_State_University |2009|1976'
'California|CA51|File:Juan_Vargas_113th_Congress.jpg|Vargas|| Juan|Democratic|Roman Catholic|California_State_Senate |Harvard_Law_School, Fordham_University, University_of_San_Diego |2013|1961'
'California|CA52|File:Scott_H._Peters_113th_Congress.jpg|Peters|| Scott|Democratic|Evangelical_Lutheran_Church_in_America |San_Diego_City_Council |Duke University, New_York_University_School_of_Law |2013|1958'
'California|CA53|File:Susan_A._Davis_113th_Congress.jpg|Davis|| Susan|Democratic|Jewish |California_State_Assembly |University_of_California,_Berkeley, University_of_North_Carolina_at_Chapel_Hill |2001|1944'
'North Carolina|NC1|File:George_Kenneth_Butterfield_113th_Congress.jpg|Butterfield|| G. K.|Democratic|Baptist|North_Carolina_Supreme_Court |North_Carolina_Central_University |2004*|1947'
'North Carolina|NC10|File:Patrick_McHenry,_official_portrait,_111th_Congress.jpg|McHenry|| Patrick|Republican|Roman Catholic|North_Carolina_House_of_Representatives |North_Carolina_State_University,Belmont_Abbey_College |2005|1975'
'North Carolina|NC11|File:Mark_Meadows_113th_Congress.jpg|Meadows|| Mark|Republican|United Methodist|Businessman|University_of_South_Florida |2013|1959'
'North Carolina|NC12| |||||||||'
'North Carolina|NC13|File:George_Holding_113th_Congress.jpg|Holding|| George|Republican|Baptist - SBC|United_States_District_Court_for_the_Eastern_District_of_North_Carolina |Wake_Forest_University,Wake_Forest_University_School_of_Law |2013|1968'
'North Carolina|NC2|File:Renee_L._Ellmers_113th_Congress.jpg|Ellmers|| Renee|Republican|Roman Catholic|registered nurse|Oakland_University |2011|1964'
'North Carolina|NC3|File:Walter_B._Jones_113th_Congress.jpg|Jones|| Walter|Republican|Roman Catholic|North_Carolina_House_of_Representatives |Atlantic_Christian_College |1995|1943'
'North Carolina|NC4|File:David_E._Price_113th_Congress.jpg|Price|| David|Democratic|American_Baptist_Churches_USA |college professor|Mars_Hill_College,University_of_North_Carolina,Yale_University |1997|1940'
'North Carolina|NC5|File:Virginia_Foxx_113th_Congress.jpg|Foxx|| Virginia|Republican|Roman Catholic|North_Carolina_Senate |University_of_North_Carolina,University_of_North_Carolina-Greensboro |2005|1943'
'North Carolina|NC6|File:Howiecoble.jpeg|Coble|| Howard|Republican|Presbyterian PC(USA)|NC Secretary of Revenue,North_Carolina_House_of_Representatives |Guilford_College,University_of_North_Carolina |1985|1931'
'North Carolina|NC7|File:Mike_McIntyre_113th_Congress.jpg|McIntyre|| Mike|Democratic|Presbyterian PC(USA)|Attorney|University_of_North_Carolina |1997|1956'
'North Carolina|NC8|File:Richard_Hudson_113th_Congress.jpg|Hudson|| Richard|Republican|United Methodist|Businessman|University_of_North_Carolina_at_Charlotte |2013|1971'
'North Carolina|NC9|File:Robert_Pittenger_113th_Congress.jpg|Pittenger|| Robert|Republican|Nondenominational Christian|North_Carolina_State_Senate |University_of_Texas |2013|1948'
'South Carolina|SC1|File:Mark_Sanford_113th_Congress.jpg|Sanford|| Mark|Republican|Episcopal_Church_(United_States) |U.S. House (1995-2001), Governor of South Carolina|Furman_University,University_of_Virginia |2013*|1960'
'South Carolina|SC2|File:Joewilson.jpeg|Wilson|| Joe|Republican|Associate_Reformed_Presbyterian_Church |South_Carolina_Senate |Washington_and_Lee_University, University_of_South_Carolina_School_of_Law |2001*|1947'
'South Carolina|SC3|File:Jeff_Duncan_113th_Congress.jpg|Duncan|| Jeff|Republican|Baptist - SBC|South_Carolina_House_of_Representatives |Clemson_University |2011|1966'
'South Carolina|SC4|File:Trey_Gowdy_113th_Congress.jpg|Gowdy|| Trey|Republican|Baptist - SBC|7th Circuit Solicitor|Baylor_University ,University_of_South_Carolina_School_of_Law |2011|1964'
'South Carolina|SC5|File:Mick_Mulvaney_113th_Congress.jpg|Mulvaney|| Mick|Republican|Roman Catholic|South_Carolina_House_of_Representatives |Georgetown_University ,University_of_North_Carolina_at_Chapel_Hill |2011|1967'
'South Carolina|SC6|File:James_E._Clyburn_113th_Congress.jpg|Clyburn|| Jim|Democratic|African Methodist|Political aide, teacher|South_Carolina_State_University |1993|1940'
'South Carolina|SC7|File:Tom_Rice_113th_Congress.jpg|Rice|| Tom|Republican|Episcopal_Church_(United_States) |Attorney, businessman|University_of_South_Carolina |2013|1957'
'North Dakota|ND0|File:Kevin_Cramer_113th_Congress.jpg|Cramer|| Kevin|Republican|International_Church_of_the_Foursquare_Gospel |North_Dakota_Public_Service_Commission |Concordia_College_(Moorhead),University_of_Mary |2013|1961'
'South Dakota|SD0|File:Kristi_L._Noem_113th_Congress.jpg|Noem|| Kristi|Republican|International_Church_of_the_Foursquare_Gospel |South_Dakota_House_of_Representatives |South_Dakota_State_University |2011|1971'
'New Hampshire|NH1|File:Carol_Shea-Porter_113th_Congress.jpg|Shea-Porter|| Carol|Democratic|Roman Catholic|U.S. House|University_of_New_Hampshire |2013|1952'
'New Hampshire|NH2|File:Ann_McLane_Kuster_113th_Congress.jpg|McLane Kuster|| Ann|Democratic|Episcopalian|Attorney, lobbyist|Dartmouth_College, Georgetown_University_Law_Center |2013|1956'
'Rhode Island|RI1|File:David_N._Cicciline_113th_Congress.jpg|Cicilline|| David|Democratic|Jewish |Mayor of Providence,_Rhode_Island |Brown_University, Georgetown_University_Law_Center |2011|1961'
'Rhode Island|RI2|File:James_R._Langevin_113th_Congress.jpg|Langevin|| Jim|Democratic|Roman Catholic|Rhode_Island_State_Assembly |Rhode_Island_College,Harvard_University |2001|1964'
'New Jersey|NJ1| |||||||||'
'New Jersey|NJ10|File:Donald_M._Payne_Jr._113th_Congress.jpg|Payne| Jr.| Donald|Democratic|Baptist|Newark,_New_Jersey |Kean_University |2012*|1958'
'New Jersey|NJ11|File:Rodney_P._Frelinghuysen_113th_Congress.jpg|Frelinghuysen|| Rodney|Republican|Episcopalian|New Jersey General Assembly|Hobart_and_William_Smith_Colleges |1995|1946'
'New Jersey|NJ12|File:Rush_Holt_113th_Congress.jpg|Holt| Jr.| Rush|Democratic|Quaker|physicist|Carleton_College ,New_York_University |1999|1948'
'New Jersey|NJ2|File:Frank_A._LoBiondo_113th_Congress.jpg|LoBiondo|| Frank|Republican|Roman Catholic|New_Jersey_General_Assembly |St._Joseph University |2003|1946'
'New Jersey|NJ3|File:Jon_Runyan_113th_Congress.jpg|Runyan|| Jon|Republican|Roman Catholic|National_Football_League |University_of_Michigan |2011|1973'
'New Jersey|NJ4|File:Christopher_H._Smith_113th_Congress.jpg|Smith|| Chris|Republican|Roman Catholic|Retail executive|Trenton_State_College |1981|1953'
'New Jersey|NJ5|File:Scott_Garrett_113th_Congress.jpg|Garrett|| Scott|Republican|Nondenominational Christian|New Jersey General Assembly|Montclair_State_University, Rutgers_University |2003|1959'
'New Jersey|NJ6|File:Frank_Pallone_113th_Congress.jpg|Pallone|| Frank|Democratic|Roman Catholic|Long_Branch,_New_Jersey |Middlebury_College, Tufts_University, Rutgers_University |1988*|1951'
'New Jersey|NJ7|File:Leonard_Lance_113th_Congress.jpg|Lance|| Leonard|Republican|Roman Catholic|New_Jersey_Senate |Lehigh_University, Vanderbilt_University, Princeton_University |2009|1952'
'New Jersey|NJ8|File:Albio_Sires_113th_Congress.jpg|Sires|| Albio|Democratic|Roman Catholic|Mayor of West_New_York |Saint_Peter College_(New_Jersey), Middlebury_College |2006*|1951'
'New Jersey|NJ9|File:Bill_Pascrell,_Jr._113th_Congress.jpg|Pascrell|| Bill|Democratic|Roman Catholic|New_Jersey_General_Assembly |Fordham_University |1997|1937'
'New Mexico|NM1|File:Michelle_Lujan_Grisham_113th_Congress.jpg|Lujan Grisham|| Michelle|Democratic|Roman Catholic|Bernalillo_County,_New_Mexico |University_of_New_Mexico, University_of_New_Mexico_School_of_Law |2013|1959'
'New Mexico|NM2|File:Stevan_Pearce_113th_Congress.jpg|Pearce|| Steve|Republican|Baptist - SBC|U.S. House|New_Mexico_State_University, Eastern_New_Mexico_University |2011|1947'
'New Mexico|NM3|File:Ben_Ray_Luj%C3%A1n_113th_Congress.jpg|Luján|| Ben|Democratic|Roman Catholic|New Mexico Public Regulation Commissioner|New_Mexico_Highlands_University |2009|1972'
'Puerto Rico|PR0|File:Pedro_R._Pierluisi_113th_Congress.jpg|Pierluisi|| Pedro|New_Progressive_Party_of_Puerto_Rico and Democratic|Roman Catholic|Attorney_General |Tulane_University |2009|1959'
'American Samoa Samoa|AS0|File:Eni_F._H._Faleomavaega_113th_Congress.jpg|Fa\'aua\'a Hunkin Faleomavaega| Jr.| Eni|Democratic|The_Church_of_Jesus_Christ_of_Latter-day_Saints |Lieutenant_Governor_of_American_Samoa |Brigham_Young_University |1989|1943'
'West Virginia|WV1|File:Davidmckinley.jpg|McKinley|| David|Republican|Episcopal_Church_(United_States) |businessman|Purdue_University |2011|1947'
'West Virginia|WV2|File:Shelley_Moore_Capito_113th_Congress.jpg|Moore Capito|| Shelley|Republican|Presbyterian PC(USA)|West Virginia House of Delegates|Duke University,University_of_Virginia |2001|1953'
'West Virginia|WV3|File:Nickrahall.jpg|Rahall|| Nick|Democratic|Presbyterian PC(USA)|Senate Staff Member; media executive|Duke University, George_Washington_University |1977|1949'
'New York|NY1|File:Timothy_H._Bishop_113th_Congress.jpg|Bishop|| Tim|Democratic|Roman Catholic|Provost of Southampton_College,|College_of_the_Holy_Cross, Long_Island_University |2003|1950'
'New York|NY10|File:Jerrold_Nadler,_Official_Portrait,_c112th_Congress.jpg|Nadler|| Jerrold|Democratic|Jewish |New_York_State_Assembly |Columbia_University, Fordham_University |1992*|1947'
'New York|NY11|File:Mike_Grimm.jpg|Grimm|| Michael|Republican|Roman Catholic|FBI Agent|Baruch_College New_York_Law_School |2011|1970'
'New York|NY12|File:Carolynmaloney.jpg|Maloney|| Carolyn|Democratic|Presbyterian PC(USA)|New York City Councilwoman|Greensboro_College |1993|1948'
'New York|NY13|File:Charles_B._Rangel_113th_Congress.jpg|Rangel|| Charles|Democratic|Roman Catholic|United_States_Army |New_York_University, St._John University_(NY) |1971|1930'
'New York|NY14|File:Joseph_Crowley_113th_Congress.jpg|Crowley|| Joseph|Democratic|Roman Catholic|New_York_State_Assembly |Queens_College |1999|1962'
'New York|NY15|File:Jos%C3%A9_E._Serrano_113th_Congress.jpg|Serrano|| José|Democratic|Roman Catholic|New_York_State_Assembly |Lehman_College |1990*|1943'
'New York|NY16|File:Eliot_L._Engel_113th_Congress.jpg|Engel|| Eliot|Democratic|Jewish |high school teacher, New_York_State_Assembly |Lehman_College, New_York_Law_School |1989|1947'
'New York|NY17|File:Nitalowey.jpeg|Lowey|| Nita|Democratic|Jewish |New York Assistant Secretary of State|Mount_Holyoke_College |1989|1937'
'New York|NY18|File:Sean_Patrick_Maloney_113th_Congress.jpg|Maloney|| Sean Patrick|Democratic|Roman Catholic|Attorney|University_of_Virginia |2013|1966'
'New York|NY19|File:Christopher_P._Gibson_113th_Congress.jpg|Gibson|| Chris|Republican|Roman Catholic|United States Army|Siena_College, Cornell_University |2011|1964'
'New York|NY2|File:Peter_T._King_113th_Congress.jpg|King|| Peter|Republican|Roman Catholic|Hempstead,_New_York_(town) |St._Francis_College,University_of_Notre_Dame |1993|1944'
'New York|NY20|File:Paultonko.jpg|Tonko|| Paul|Democratic|Roman Catholic|NY Assemblyman|Clarkson_University |2009|1949'
'New York|NY21|File:William_L._Owens_113th_Congress.jpg|Owens|| Bill|Democratic|Roman Catholic|Lawyer, business owner|Fordham_University, Manhattan_College |2009*|1949'
'New York|NY22|File:Richard_L._Hanna_113th_Congress.jpg|Hanna|| Richard|Republican|Roman Catholic|businessman|Reed_College |2011|1951'
'New York|NY23|File:Tom_Reed_113th_Congress.jpg|Reed|| Tom|Republican|Roman Catholic|Mayor of Corning_(city),_New_York |Alfred_University,Ohio_Northern_University,_Pettit_College_of_Law |2010*|1971'
'New York|NY24|File:Daniel_B._Maffei_113th_Congress.jpg|Maffei|| Dan|Democratic|Roman Catholic|U.S. House|Brown_University,Columbia_University,Harvard_University |2013|1968'
'New York|NY25|File:Louise_McIntosh_Slaughter_113th_Congress.jpg|Slaughter|| Louise|Democratic|Episcopalian|Monroe_County,_New_York |University_of_Kentucky |1987|1929'
'New York|NY26|File:Brian_Higgins_113th_Congress.jpg|Higgins|| Brian|Democratic|Roman Catholic|Buffalo_Common_Council |University_at_Buffalo,Harvard_University |2005|1959'
'New York|NY27|File:Chris_Collins_113th_Congress.jpg|Collins|| Chris|Republican|Roman Catholic|Erie_County,_New_York |North_Carolina_State_University,University_of_Alabama_at_Birmingham |2013|1950'
'New York|NY3|File:Steve_Israel_113th_Congress.jpg|Israel|| Steve|Democratic|Jewish |Huntington,_New_York |George_Washington_University |2001|1958'
'New York|NY4|File:Carolyn_McCarthy_113th_Congress.jpg|McCarthy|| Carolyn|Democratic|Roman Catholic|Practical Nurse|Glen_Cove_Hospital_School_of_Nursing|1997|1944'
'New York|NY5|File:Gregory_W._Meeks_113th_Congress.jpg|Meeks|| Gregory|Democratic|African Methodist|New_York_State_Assembly |Adelphi_University, Howard_University |1998*|1953'
'New York|NY6|File:Grace_Meng_113th_Congress.jpg|Meng|| Grace|Democratic|unspecified Christian|New_York_State_Assembly|University_of_Michigan Benjamin_N._Cardozo_School_of_Law |2013|1975'
'New York|NY7|File:Nydia_M._Vel%C3%A1zquez_113th_Congress.jpg|Velázquez|| Nydia|Democratic|Roman Catholic|Director, Dept. of Puerto Rican Community Affairs|University_of_Puerto_Rico,New_York_University |1993|1953'
'New York|NY8|File:Hakeem_S._Jeffries_113th_Congress.jpg|Jeffries|| Hakeem|Democratic|Baptist|New_York_State_Assembly|New_York_University_School_of_Law, Georgetown_University, Binghamton_University |2013|1970'
'New York|NY9|File:Yvette_D._Clarke_113th_Congress.jpg|Clarke|| Yvette|Democratic|African Methodist|New York City Councilwoman|Oberlin_College |2007|1964'
'Alaska|AK0|File:Don_Young_113th_Congress.jpg|Young|| Don|Republican|Episcopalian|Alaska_Senate |California_State_University,_Chico |1973*|1933'
'Delaware|DE0|File:Johncarney.jpeg|Carney|| John|Democratic|Roman Catholic|Lieutenant_Governor_of_Delaware |Dartmouth_College, University_of_Delaware |2011|1956'
'Guam|GU0|File:Madeleine_Z._Bordallo_113th_Congress.jpg|Bordallo|| Madeleine|Democratic|Roman Catholic|Lieutenant_Governor_of_Guam |Saint_Mary College_(Indiana) |2003|1933'
'Montana|MT0|File:Steve_Daines_113th_Congress.jpg|Daines|| Steve|Republican|Presbyterian PC(USA)|Businessman|Montana_State_University |2001|1955'
'Vermont|VT0|File:Peter_Welch_113th_Congress.jpg|Welch|| Peter|Democratic|Roman Catholic|Vermont_Senate |College_of_the_Holy_Cross, University_of_California,_Berkeley |2007|1947'
'Wyoming|WY0|File:Cynthia_M._Lummis_113th_Congress.jpg|Lummis|| Cynthia|Republican|Lutheran_Church%E2%80%93Missouri_Synod |Wyoming State Treasurer|University_of_Wyoming |2009|1954'