R|Martha Roby|AL02|https://www.facebook.com/Representative.Martha.Roby
R|Mike Rodgers|AL03|https://www.facebook.com/CongressmanMikeDRogers
R|Robert Aderholt|AL04|https://www.facebook.com/RobertAderholt
R|Mo Brooks|AL05|https://www.facebook.com/pages/Congressman-Mo-Brooks/155220881193244
R|Spencer Bachus|AL06|https://www.facebook.com/SpencerBachus
R|Terri Sewell|AL07|https://www.facebook.com/RepSewell
R|Don Young|AK|https://www.facebook.com/RepDonYoung
R|Ron Barber|AZ02|https://www.facebook.com/RepRonBarber
R|Raúl Grijalva|AZ03|https://www.facebook.com/Rep.Grijalva
R|Paul Gosar|AZ04|https://www.facebook.com/repgosar
R|Matt Solomon|AZ05|https://www.facebook.com/RepMattSalmon
R|David Schweikert|AZ06|https://www.facebook.com/repdavidschweikert
R|Ed Pastor|AZ07|https://www.facebook.com/edpastor04
R|Trent Franks|AZ08|https://www.facebook.com/TrentFranks
R|Kyrsten Sinema|AZ09|https://www.facebook.com/CongresswomanSinema
R|Rick Crawford|AR01|https://www.facebook.com/reprickcrawford
R|Tim Griffin|AR02|https://www.facebook.com/reptimgriffin
R|Steve Womack|AR03|https://www.facebook.com/RepSteveWomack
R|Tom Cotton|AR04|https://www.facebook.com/RepTomCotton
R|Jared Huffman|CA02|https://www.facebook.com/RepHuffman
R|John Garamendi|CA03|https://www.facebook.com/repgaramendi
R|Tom McClintock|CA04|https://www.facebook.com/pages/Congressman-Tom-McClintock/81125319109
R|Mike Thompson|CA05|https://www.facebook.com/RepMikeThompson
R|Doris Matsui|CA06|https://www.facebook.com/doris.matsui
R|Ami Bera|CA07|https://www.facebook.com/BeraForCongress
R|Paul Cook|CA08|https://www.facebook.com/electpaulcook
R|Jerry McNerney|CA09|https://www.facebook.com/RepJerryMcNerney
R|Jeff Denham|CA10|https://www.facebook.com/RepJeffDenham
R|Nancy Pelosi|CA12|https://www.facebook.com/NancyPelosi
R|Barbara Lee|CA13|https://www.facebook.com/RepBarbaraLee
R|Jackie Speier|CA14|https://www.facebook.com/JackieSpeier
R|Eric Swalwell|CA15|https://www.facebook.com/CongressmanEricSwalwell
R|Mike Honda|CA17|https://www.facebook.com/RepMikeHonda
R|Anna Eshoo|CA18|https://www.facebook.com/RepAnnaEshoo
R|Zoe Lofgren|CA19|https://www.facebook.com/zoelofgren
R|Sam Farr|CA20|https://www.facebook.com/RepSamFarr
R|David Valadao|CA21|https://www.facebook.com/CongressmanDavidValadao
R|Kevin McCarthy|CA23|https://www.facebook.com/CongressmanKevinMcCarthy
R|Lois Capps|CA24|https://www.facebook.com/loiscapps
R|Buck McKeon|CA25|https://www.facebook.com/BuckMcKeon
R|Julia Brownley|CA26|https://www.facebook.com/RepJuliaBrownley
R|Judy Chu|CA27|https://www.facebook.com/Chu4Congress
R|Adam Schiff|CA28|https://www.facebook.com/RepAdamSchiff
R|Tony Cardenas|CA29|https://www.facebook.com/pages/Councilman-Tony-Cardenas/114556925247147
R|Brad Sherman|CA30|https://www.facebook.com/pages/Congressman-Brad-Sherman/63158229861
R|Gary Miller|CA31|https://www.facebook.com/RepGaryMiller
R|Henry Waxman|CA33|https://www.facebook.com/Rep.HenryWaxman
R|Xavier Becerra|CA34|https://www.facebook.com/XavierBecerra
R|Gloria Negrete McLeod|CA35|https://www.facebook.com/NegreteMcLeod
R|Raul Ruiz|CA36|https://www.facebook.com/CongressmanRaulRuiz
R|Karen Bass|CA37|https://www.facebook.com/RepKarenBass
R|Linda Sanchez|CA38|https://www.facebook.com/CongresswomanLindaSanchez
R|Ed Royce|CA39|https://www.facebook.com/EdRoyce
R|Lucille Roybal-Allard|CA40|https://www.facebook.com/RepRoybalAllard
R|Mark Takano|CA41|https://www.facebook.com/RepMarkTakano
R|Ken Calvert|CA42|https://www.facebook.com/CalvertforCongress
R|Janice Hahn|CA44|https://www.facebook.com/RepJaniceHahn
R|John Campbell|CA45|https://www.facebook.com/JohnCampbell
R|Loretta Sanchez|CA46|https://www.facebook.com/LorettaSanchez
R|Alan Lowenthal|CA47|https://www.facebook.com/RepLowenthal
R|Dana Rohrabacher|CA48|https://www.facebook.com/danarohrabacher
R|Darrell Issa|CA49|https://www.facebook.com/darrellissa
R|Duncan Hunter|CA50|https://www.facebook.com/DuncanHunter
R|Juan Vargas|CA51|https://www.facebook.com/RepJuanVargas
R|Scott Paters|CA52|https://www.facebook.com/CongressmanScottPeters
R|Susan Davis|CA53|https://www.facebook.com/RepSusanDavis
R|Diana DeGette|CO01|https://www.facebook.com/DianaDeGette
R|Jared Polis|CO02|https://www.facebook.com/jaredpolis
R|Scott Tipton|CO03|https://www.facebook.com/CongressmanScottTipton
R|Cory Gardner|CO04|https://www.facebook.com/CongressmanGardner
R|Doug Lamborn|CO05|https://www.facebook.com/CongressmanDougLamborn
R|Mike Coffman|CO06|https://www.facebook.com/repmikecoffman
R|Ed Perlmutter|CO07|https://www.facebook.com/RepPerlmutter
R|John Larson|CT01|https://www.facebook.com/RepJohnLarson
R|Joe Courtney|CT02|https://www.facebook.com/joecourtney
R|Rosa DeLauro|CT03|https://www.facebook.com/RosaDelauro
R|Jim Himes|CT04|https://www.facebook.com/pages/Jim-Himes/7530258205
R|Elizabeth Etsy|CT05|https://www.facebook.com/RepEsty
R|John Carney|DE|https://www.facebook.com/JohnCarneyDE
R|Jeff Miller|FL01|https://www.facebook.com/RepJeffMiller
R|Steve Southerland|FL02|https://www.facebook.com/RepSteveSoutherland
R|Ted Yoho|FL03|https://www.facebook.com/CongressmanTedYoho
R|Ander Crenshaw|FL04|https://www.facebook.com/pages/Congressman-Ander-Crenshaw/200388204657
R|Corrine Brown|FL05|https://www.facebook.com/congresswomanbrown
R|Ron DeSantis|FL06|https://www.facebook.com/RepDeSantis
R|John Mica|FL07|https://www.facebook.com/MicaforCongress
R|Bill Posey|FL08|https://www.facebook.com/bill.posey15
R|Daniel Webster|FL10|https://www.facebook.com/RepWebster
R|Rich Nugent|FL11|https://www.facebook.com/RepRichNugent
R|Gus Bilirakis|FL12|https://www.facebook.com/GusBilirakis
R|Kathy Castor|FL14|https://www.facebook.com/USRepKathyCastor
R|Dennis Ross|FL15|https://www.facebook.com/dennis.ross.376
R|Vern Buchanan|FL16|https://www.facebook.com/CongressmanBuchanan
R|Tom Rooney|FL17|https://www.facebook.com/reptomrooney
R|Patrick Murphy|FL18|https://www.facebook.com/CongressmanPatrickMurphy
R|Alcee Hastings|FL20|https://www.facebook.com/pages/Congressman-Alcee-L-Hastings/95696782238
R|Ted Deutch|FL21|https://www.facebook.com/CongressmanTedDeutch
R|Lois Frankel|FL22|https://www.facebook.com/RepLoisFrankel
R|Debbie Wasserman Schultz|FL23|https://www.facebook.com/RepDWS
R|Frederica Wilson|FL24|https://www.facebook.com/RepWilson
R|Mario Diaz-Balart|FL25|https://www.facebook.com/mdiazbalart
R|Joe Garcia|FL26|https://www.facebook.com/RepJoeGarcia
R|Ileana Ros-Lehtinen|FL27|https://www.facebook.com/iroslehtinen
R|Jack Kingston|GA01|https://www.facebook.com/JackKingston
R|Sanford Bishop|GA02|https://www.facebook.com/sanfordbishop
R|Lynn Westmoreland|GA03|https://www.facebook.com/pages/Congressman-Lynn-Westmoreland/71389451419
R|Hank Johnson|GA04|https://www.facebook.com/pages/Congressman-Hank-Johnson/115356957005
R|John Lewis|GA05|https://www.facebook.com/RepJohnLewis
R|Tom Price|GA06|https://www.facebook.com/reptomprice
R|Rob Woodall|GA07|https://www.facebook.com/RepRobWoodall
R|Austin Scott|GA08|https://www.facebook.com/RepAustinScott
R|Doug Collins|GA09|https://www.facebook.com/RepresentativeDougCollins
R|Paul Broun|GA10|https://www.facebook.com/RepPaulBroun
R|Phil Gingrey|GA11|https://www.facebook.com/RepPhilGingrey
R|John Barrow|GA12|https://www.facebook.com/CongressmanJohnBarrow
R|David Scott|GA13|https://www.facebook.com/RepDavidScott
R|Tom Graves|GA14|https://www.facebook.com/reptomgraves
R|Colleen Hanabusa|HI01|https://www.facebook.com/pages/Congresswoman-Colleen-Hanabusa/169979129710178
R|Tulsi Gabbard|HI02|https://www.facebook.com/RepTulsiGabbard
R|Raul Labrador|ID01|https://www.facebook.com/raul.r.labrador
R|Mike Simpson|ID02|https://www.facebook.com/pages/Mike-Simpson/96007744606
R|Bobby Rush|IL01|https://www.facebook.com/congressmanbobbyrush
R|Robin Kelly|IL02|https://www.facebook.com/reprobinkelly
R|Dan Lipinski|IL03|https://www.facebook.com/repdanlipinski
R|Luis Gutiérrez|IL04|https://www.facebook.com/RepGutierrez
R|Mike Quigley|IL05|https://www.facebook.com/repmikequigley
R|Peter Roskam|IL06|https://www.facebook.com/RepRoskam
R|Danny Davis|IL07|https://www.facebook.com/CongressmanDKDavis
R|Tammy Duckworth|IL08|https://www.facebook.com/CongresswomanTammyDuckworth
R|Jan Schakowsky|IL09|https://www.facebook.com/janschakowsky
R|Brad Schneider|IL10|https://www.facebook.com/CongressmanBradSchneider
R|Bill Foster|IL11|https://www.facebook.com/CongressmanBillFoster
R|Bill Enyart|IL12|https://www.facebook.com/CongressmanBillEnyart
R|Rodney Davis|IL13|https://www.facebook.com/ElectRodney
R|Randy Hultgren|IL14|https://www.facebook.com/RepHultgren
R|John Shimkus|IL15|https://www.facebook.com/repshimkus
R|Adam Kinzinger|IL16|https://www.facebook.com/repkinzinger
R|Cheri Bustos|IL17|https://www.facebook.com/RepCheri
R|Aaron Schock|IL18|https://www.facebook.com/RepAaronSchock
R|Pete Visclosky|IN01|https://www.facebook.com/repvisclosky
R|Jackie Walorski|IN02|https://www.facebook.com/RepJackieWalorski
R|Marlin Stutzman|IN03|https://www.facebook.com/CongressmanMarlinStutzman
R|Todd Rokita|IN04|https://www.facebook.com/RepToddRokita
R|Susan Brooks|IN05|https://www.facebook.com/congresswomansusanwbrooks
R|Luke Messer|IN06|https://www.facebook.com/RepLukeMesser
R|André Carson|IN07|https://www.facebook.com/CongressmanAndreCarson
R|Larry Bucshon|IN08|https://www.facebook.com/RepLarryBucshon
R|Todd Young|IN09|https://www.facebook.com/RepToddYoung
R|Bruce Braley|IA01|https://www.facebook.com/RepBruceBraley
R|David Loebsack|IA02|https://www.facebook.com/DaveLoebsack
R|Tom Latham|IA03|https://www.facebook.com/pages/Tom-Latham/189723421077356
R|Steve King|IA04|https://www.facebook.com/SteveKingIA
R|Tim Huelskamp|KS01|https://www.facebook.com/congressmanhuelskamp
R|Lynn Jenkins|KS02|https://www.facebook.com/replynnjenkins
R|Kevin Yoder|KS03|https://www.facebook.com/CongressmanKevinYoder
R|Mike Pompeo|KS04|https://www.facebook.com/CongressmanPompeo
R|Ed Whitfield|KY01|https://www.facebook.com/RepEdWhitfield
R|Brett Guthrie|KY02|https://www.facebook.com/CongressmanGuthrie
R|John Yarmuth|KY03|https://www.facebook.com/pages/Congressman-John-Yarmuth-KY-3/214258646163
R|Thomas Massie|KY04|https://www.facebook.com/RepThomasMassie
R|Hal Rogers|KY05|https://www.facebook.com/CongressmanHalRogers
R|Andy Barr|KY06|https://www.facebook.com/RepAndyBarr
R|Steve Scalise|LA01|https://www.facebook.com/RepSteveScalise
R|Cedric Richmond|LA02|https://www.facebook.com/RepRichmond
R|Charles Boustany|LA03|https://www.facebook.com/RepBoustany
R|John Fleming|LA04|https://www.facebook.com/RepJohnFleming
R|Bill Cassidy|LA06|https://www.facebook.com/billcassidy
R|Chellie Pingree|ME01|https://www.facebook.com/ChelliePingree
R|Mike Michaud|ME02|https://www.facebook.com/RepMikeMichaud
R|Andy Harris|MD01|https://www.facebook.com/AndyHarrisMD
R|Dutch Ruppersberger|MD02|https://www.facebook.com/pages/Dutch-Ruppersberger/184756771570504
R|John Sarbanes|MD03|https://www.facebook.com/JSarbanes
R|Donna Edwards|MD04|https://www.facebook.com/CongresswomanDonnaFEdwards
R|Steny Hoyer|MD05|https://www.facebook.com/whipHoyer
R|John Delaney|MD06|https://www.facebook.com/congressmanjohndelaney
R|Elijah Cummings|MD07|https://www.facebook.com/elijahcummings
R|Chris Van Hollen|MD08|https://www.facebook.com/chrisvanhollen
R|Richard Neal|MA01|https://www.facebook.com/pages/Congressman-Richard-Neal/325642654132598
R|Niki Tsongas|MA03|https://www.facebook.com/nikitsongas
R|Joe Kennedy|MA04|https://www.facebook.com/pages/Congressman-Joe-Kennedy-III/301936109927957
R|John Tierney|MA06|https://www.facebook.com/CongressmanJohnTierney
R|Mike Capuano|MA07|https://www.facebook.com/RepMichaelCapuano
R|Stephen Lynch|MA08|https://www.facebook.com/repstephenlynch
R|William Keating|MA09|https://www.facebook.com/Congressman.Keating
R|Dan Benishek|MI01|https://www.facebook.com/congressmandan
R|Bill Huizenga|MI02|https://www.facebook.com/RepHuizenga
R|Justin Amash|MI03|https://www.facebook.com/repjustinamash
R|Dave Camp|MI04|https://www.facebook.com/repdavecamp
R|Dan Kildee|MI05|https://www.facebook.com/RepDanKildee
R|Fred Upton|MI06|https://www.facebook.com/RepFredUpton
R|Tim Walberg|MI07|https://www.facebook.com/repwalberg
R|Mike Rogers|MI08|https://www.facebook.com/pages/Mike-J-Rogers/168209963203416
R|Sandy Levin|MI09|https://www.facebook.com/RepSandyLevin
R|Candice Miller|MI10|https://www.facebook.com/CongresswomanCandiceMiller
R|Kerry Bentivolio|MI11|https://www.facebook.com/repkerryb
R|John Dingell|MI12|https://www.facebook.com/johndingell
R|John Conyers|MI13|https://www.facebook.com/CongressmanConyers
R|Gary Peters|MI14|https://www.facebook.com/RepGaryPeters
R|Erik Paulsen|MN03|https://www.facebook.com/CongressmanErikPaulsen
R|Betty McCollum|MN04|https://www.facebook.com/repbettymccollum
R|Keith Ellison|MN05|https://www.facebook.com/Keith.Ellison
R|Michele Bachmann|MN06|https://www.facebook.com/RepMicheleBachmann
R|Rick Nolan|MN08|https://www.facebook.com/UsRepRickNolan
R|Alan Nunnelee|MS01|https://www.facebook.com/CongressmanNunnelee
R|Bennie Thompson|MS02|https://www.facebook.com/pages/Congressman-Bennie-G-Thompson/7259193379
R|Gregg Harper|MS03|https://www.facebook.com/GreggHarper
R|Steven Palazzo|MS04|https://www.facebook.com/stevenpalazzo
R|W. Lacy Clay|MO01|https://www.facebook.com/pages/Congressman-Wm-Lacy-Clay/109135405838588
R|Ann Wagner|MO02|https://www.facebook.com/RepAnnWagner
R|Blaine Luetkemeyer|MO03|https://www.facebook.com/BlaineLuetkemeyer
R|Vicky Hartzler|MO04|https://www.facebook.com/Congresswoman.Hartzler
R|Emanuel Cleaver|MO05|https://www.facebook.com/emanuelcleaverii
R|Sam Graves|MO06|https://www.facebook.com/pages/Sam-Graves/118514606128
R|Billy Long|MO07|https://www.facebook.com/Rep.Billy.Long
R|Jason Smith|MO08|https://www.facebook.com/repjasonsmith
R|Steve Daines|MT|https://www.facebook.com/SteveDainesMT
R|Jeff Fortenberry|NE01|https://www.facebook.com/jefffortenberry
R|Lee Terry|NE02|https://www.facebook.com/leeterry
R|Adrian Smith|NE03|https://www.facebook.com/AdrianSmithNE
R|Dina Titus|NV01|https://www.facebook.com/CongresswomanTitus
R|Mark Amodei|NV02|https://www.facebook.com/MarkAmodeiNV2
R|Joe Heck|NV03|https://www.facebook.com/RepJoeHeck
R|Steven Horsford|NV04|https://www.facebook.com/RepHorsford
R|Carol Shea-Porter|NH01|https://www.facebook.com/RepSheaPorter
R|Ann Kuster|NH02|https://www.facebook.com/CongresswomanAnnieKuster
R|Frank LoBiondo|NJ02|https://www.facebook.com/LoBiondoForCongress
R|Jon Runyan|NJ03|https://www.facebook.com/CongressmanJonRunyan
R|Scott Garrett|NJ05|https://www.facebook.com/repscottgarrett
R|Leonard Lance|NJ07|https://www.facebook.com/CongressmanLance
R|Albio Sires|NJ08|https://www.facebook.com/pages/Albio-Sires/81058818750
R|Bill Pascrell|NJ09|https://www.facebook.com/pascrell
R|Rodney Frelinghuysen|NJ11|https://www.facebook.com/rfrelinghuysen
R|Michelle Lujan Grisham|NM01|https://www.facebook.com/RepLujanGrisham
R|Steve Pearce|NM02|https://www.facebook.com/RepStevePearce
R|Ben Luján|NM03|https://www.facebook.com/RepBenRayLujan
R|Tim Bishop|NY01|https://www.facebook.com/RepTimBishop
R|Pete King|NY02|https://www.facebook.com/reppeteking
R|Steve Israel|NY03|https://www.facebook.com/israelforcongress
R|Gregory Meeks|NY05|https://www.facebook.com/gregorymeeksny05
R|Grace Meng|NY06|https://www.facebook.com/repgracemeng
R|Nydia Velázquez|NY07|https://www.facebook.com/pages/Nydia-Velazquez/8037068318
R|Yvette Clarke|NY09|https://www.facebook.com/repyvettedclarke
R|Jerrold Nadler|NY10|https://www.facebook.com/congressmannadler
R|Michael Grimm|NY11|https://www.facebook.com/repmichaelgrimm
R|Carolyn Maloney|NY12|https://www.facebook.com/CarolynMaloney
R|Charles Rangel|NY13|https://www.facebook.com/CBRangel
R|Joseph Crowley|NY14|https://www.facebook.com/JoeCrowleyNY
R|José Serrano|NY15|https://www.facebook.com/RepJoseSerrano
R|Eliot Engel|NY16|https://www.facebook.com/RepEliotLEngel
R|Nita Lowey|NY17|https://www.facebook.com/nitalowey
R|Sean Maloney|NY18|https://www.facebook.com/RepSeanMaloney
R|Chris Gibson|NY19|https://www.facebook.com/RepChrisGibson
R|Paul Tonko|NY20|https://www.facebook.com/reppaultonko
R|Bill Owens|NY21|https://www.facebook.com/repbillowens
R|Richard Hanna|NY22|https://www.facebook.com/reprichardhanna
R|Tom Reed|NY23|https://www.facebook.com/RepTomReed
R|Dan Maffei|NY24|https://www.facebook.com/RepMaffei
R|Louise Slaughter|NY25|https://www.facebook.com/RepLouiseSlaughter
R|Brian Higgins|NY26|https://www.facebook.com/RepBrianHiggins
R|Chris Collins|NY27|https://www.facebook.com/RepChrisCollins
R|G.K. Butterfield|NC01|https://www.facebook.com/congressmangkbutterfield
R|Renee Ellmers|NC02|https://www.facebook.com/reneeellmers
R|Walter Jones|NC03|https://www.facebook.com/pages/Walter-Jones/15083070102
R|Howard Coble|NC06|https://www.facebook.com/HowardCoble6
R|Mike McIntyre|NC07|https://www.facebook.com/mikemcintyre
R|Richard Hudson|NC08|https://www.facebook.com/RepRichHudson
R|Robert Pittenger|NC09|https://www.facebook.com/congressmanpittenger
R|Patrick McHenry|NC10|https://www.facebook.com/CongressmanMcHenry
R|Mark Meadows|NC11|https://www.facebook.com/Repmarkmeadows
R|Mel Watt|NC12|https://www.facebook.com/CongressmanMelWatt
R|George Holding|NC13|https://www.facebook.com/CongressmanGeorgeHolding
R|Kevin Cramer|ND|https://www.facebook.com/CongressmanKevinCramer
R|Steve Chabot|OH01|https://www.facebook.com/RepSteveChabot
R|Brad Wenstrup|OH02|https://www.facebook.com/RepBradWenstrup
R|Jim Jordan|OH04|https://www.facebook.com/repjimjordan
R|Bob Latta|OH05|https://www.facebook.com/boblatta
R|Bill Johnson|OH06|https://www.facebook.com/RepBillJohnson
R|Bob Gibbs|OH07|https://www.facebook.com/RepBobGibbs
R|John Boehner|OH08|https://www.facebook.com/OfficeofSpeakerBoehner
R|Marcy Kaptur|OH09|https://www.facebook.com/RepresentativeMarcyKaptur
R|Mike Turner|OH10|https://www.facebook.com/RepMikeTurner
R|Marcia Fudge|OH11|https://www.facebook.com/RepMarciaLFudge
R|Pat Tiberi|OH12|https://www.facebook.com/RepPatTiberi
R|Tim Ryan|OH13|https://www.facebook.com/timryan
R|David Joyce|OH14|https://www.facebook.com/DaveJoyceOH
R|Steve Stivers|OH15|https://www.facebook.com/pages/Rep-Steve-Stivers/116058275133542
R|Jim Renacci|OH16|https://www.facebook.com/repjimrenacci
R|Jim Bridenstine|OK01|https://www.facebook.com/CongressmanJimBridenstine
R|Markwayne Mullin|OK02|https://www.facebook.com/CongressmanMarkwayneMullin
R|Frank Lucas|OK03|https://www.facebook.com/pages/Frank-Lucas/7872057395
R|Tom Cole|OK04|https://www.facebook.com/TomColeOK04
R|James Lankford|OK05|https://www.facebook.com/replankford
R|Suzanne Bonamici|OR01|https://www.facebook.com/CongresswomanBonamici
R|Greg Walden|OR02|https://www.facebook.com/repgregwalden
R|Peter DeFazio|OR04|https://www.facebook.com/RepPeterDeFazio
R|Kurt Schrader|OR05|https://www.facebook.com/repschrader
R|Bob Brady|PA01|https://www.facebook.com/pages/Bob-Brady-for-Congress/331282800239640
R|Chaka Fattah|PA02|https://www.facebook.com/repfattah
R|Mike Kelly|PA03|https://www.facebook.com/pages/Representative-Mike-Kelly/191056827594903
R|Scott Perry|PA04|https://www.facebook.com/Rep.ScottPerry
R|Glenn Thompson|PA05|https://www.facebook.com/CongressmanGT
R|Jim Gerlach|PA06|https://www.facebook.com/repjimgerlach
R|Patrick Meehan|PA07|https://www.facebook.com/CongressmanPatrickMeehan
R|Mike Fitzpatrick|PA08|https://www.facebook.com/RepFitzpatrick
R|Bill Shuster|PA09|https://www.facebook.com/rep.shuster
R|Tom Marino|PA10|https://www.facebook.com/CongressmanMarino
R|Lou Barletta|PA11|https://www.facebook.com/CongressmanLouBarletta
R|Keith Rothfus|PA12|https://www.facebook.com/keithrothfus
R|Allyson Schwartz|PA13|https://www.facebook.com/RepAllysonSchwartz
R|Mike Doyle|PA14|https://www.facebook.com/usrepmikedoyle
R|Charlie Dent|PA15|https://www.facebook.com/CongressmanDent
R|Joe Pitts|PA16|https://www.facebook.com/pages/Congressman-Joe-Pitts/94156528752
R|Matt Cartwright|PA17|https://www.facebook.com/CongressmanMattCartwright
R|Tim Murphy|PA18|https://www.facebook.com/reptimmurphy
R|David Cicilline|RI01|https://www.facebook.com/CongressmanDavidCicilline
R|Jim Langevin|RI02|https://www.facebook.com/CongressmanJimLangevin
R|Mark Sanford|SC01|https://www.facebook.com/RepSanfordSC
R|Joe Wilson|SC02|https://www.facebook.com/JoeWilson
R|Jeff Duncan|SC03|https://www.facebook.com/RepJeffDuncan
R|Trey Gowdy|SC04|https://www.facebook.com/RepTreyGowdy
R|Mick Mulvaney|SC05|https://www.facebook.com/MulvaneySC5
R|Jim Clyburn|SC06|https://www.facebook.com/jameseclyburn
R|Tom Rice|SC07|https://www.facebook.com/reptomrice
R|Phil Roe|TN01|https://www.facebook.com/DrPhilRoe
R|Chuck Fleischmann|TN03|https://www.facebook.com/repchuck
R|Scott DesJarlais|TN04|https://www.facebook.com/ScottDesJarlaisTN04
R|Diane Black|TN06|https://www.facebook.com/DianeBlackTN06
R|Marsha Blackburn|TN07|https://www.facebook.com/marshablackburn
R|Stephen Fincher|TN08|https://www.facebook.com/RepFincherTN08
R|Steve Cohen|TN09|https://www.facebook.com/CongressmanSteveCohen
R|Louie Gohmert|TX01|https://www.facebook.com/pages/Louie-Gohmert/50375006903
R|Ted Poe|TX02|http://www.facebook.com/people/Ted-Poe/100000050751226
R|Sam Johnson|TX03|https://www.facebook.com/RepSamJohnson
R|Ralph Hall|TX04|https://www.facebook.com/pages/Ralph-Hall/6311458773
R|Jeb Hensarling|TX05|https://www.facebook.com/RepHensarling
R|Joe Barton|TX06|https://www.facebook.com/RepJoeBarton
R|John Culberson|TX07|https://www.facebook.com/CongressmanCulberson
R|Kevin Brady|TX08|https://www.facebook.com/kevinbrady
R|Al Green|TX09|https://www.facebook.com/repalgreen
R|Michael McCaul|TX10|https://www.facebook.com/michaeltmccaul
R|Mike Conaway|TX11|https://www.facebook.com/mike.conaway
R|Kay Granger|TX12|https://www.facebook.com/RepKayGranger
R|Mac Thornberry|TX13|https://www.facebook.com/repmacthornberry
R|Randy Weber|TX14|https://www.facebook.com/TXRandy14
R|Rubén Hinojosa|TX15|https://www.facebook.com/CongressmanRubenHinojosa
R|Beto O\'Rourke|TX16|https://www.facebook.com/betoorourketx16
R|Bill Flores|TX17|https://www.facebook.com/RepBillFlores
R|Randy Neugebauer|TX19|https://www.facebook.com/rep.randy.neugebauer
R|Joaquín Castro|TX20|https://www.facebook.com/JoaquinCastroforCongress
R|Lamar Smith|TX21|https://www.facebook.com/LamarSmithTX21
R|Pete Olson|TX22|https://www.facebook.com/pages/Pete-Olson/20718168936
R|Pete Gallego|TX23|https://www.facebook.com/CongressmanPeteGallego
R|Kenny Marchant|TX24|https://www.facebook.com/RepKennyMarchant
R|Roger Williams|TX25|https://www.facebook.com/RepRogerWilliams
R|Michael Burgess|TX26|https://www.facebook.com/michaelcburgess
R|Blake Farenthold|TX27|https://www.facebook.com/BlakeFarenthold
R|Sheila Jackson-Lee|TX18|https://www.facebook.com/CongresswomanSheilaJacksonLee
R|Henry Cuellar|TX28|https://www.facebook.com/pages/US-Congressman-Henry-Cuellar-TX-28/152569121550
R|Gene Green|TX29|https://www.facebook.com/pages/Gene-Green/15259210275
R|Eddie Bernice Johnson|TX30|https://www.facebook.com/CongresswomanEBJtx30
R|John Carter|TX31|https://www.facebook.com/judgecarter
R|Pete Sessions|TX32|https://www.facebook.com/petesessions
R|Marc Veasey|TX33|https://www.facebook.com/CongressmanMarcVeasey
R|Lloyd Doggett|TX35|https://www.facebook.com/lloyddoggett
R|Steve Stockman|TX36|https://www.facebook.com/CongressmanStockman
R|Rob Bishop|UT01|https://www.facebook.com/RobBishopForCongress
R|Chris Stewart|UT02|https://www.facebook.com/RepChrisStewart
R|Jason Chaffetz|UT03|https://www.facebook.com/CongressmanJasonChaffetz
R|Jim Matheson|UT04|https://www.facebook.com/RepJimMatheson
R|Peter Welch|VT|https://www.facebook.com/PeterWelch
R|Rob Wittman|VA01|https://www.facebook.com/RepRobWittman
R|Scott Rigell|VA02|https://www.facebook.com/RepScottRigell
R|Bobby Scott|VA03|https://www.facebook.com/CongressmanBobbyScott
R|Randy Forbes|VA04|https://www.facebook.com/randyforbes
R|Robert Hurt|VA05|https://www.facebook.com/RepRobertHurt
R|Bob Goodlatte|VA06|https://www.facebook.com/BobGoodlatte
R|Eric Cantor|VA07|https://www.facebook.com/HouseChamber
R|Jim Moran|VA08|https://www.facebook.com/RepJimMoran
R|Morgan Griffith|VA09|https://www.facebook.com/RepMorganGriffith
R|Frank Wolf|VA10|https://www.facebook.com/RepFrankWolf
R|Gerry Connolly|VA11|https://www.facebook.com/CongressmanGerryConnolly
R|Suzan DelBene|WA01|https://www.facebook.com/RepDelBene
R|Rick Larsen|WA02|https://www.facebook.com/RepRickLarsen
R|Jaime Herrera Beutler|WA03|https://www.facebook.com/herrerabeutler
R|Doc Hastings|WA04|https://www.facebook.com/RepDocHastings
R|Cathy McMorris Rodgers|WA05|https://www.facebook.com/mcmorrisrodgers
R|Jim McDermott|WA07|https://www.facebook.com/CongressmanJimMcDermott
R|Dave Reichert|WA08|https://www.facebook.com/repdavereichert
R|Adam Smith|WA09|https://www.facebook.com/RepAdamSmith
R|Dennis Heck|WA10|https://www.facebook.com/CongressmanDennyHeck
R|David McKinley|WV01|https://www.facebook.com/RepMcKinley
R|Shelly Moore Capito|WV02|https://www.facebook.com/pages/Shelley-Moore-Capito/8057864757
R|Nick Rahall|WV03|https://www.facebook.com/NickRahall
R|Paul Ryan|WI01|https://www.facebook.com/paulryanwi
R|Mark Pocan|WI02|https://www.facebook.com/repmarkpocan
R|Ron Kind|WI03|https://www.facebook.com/repronkind
R|Jim Sensenbrenner|WI05|https://www.facebook.com/SensenbrennerforCongress
R|Tom Petri|WI06|https://www.facebook.com/ThomasPetri
R|Sean Duffy|WI07|https://www.facebook.com/RepSeanDuffy
R|Reid Ribble|WI08|https://www.facebook.com/CongressmanReidRibble
R|Cynthia Lummis|WY|https://www.facebook.com/pages/Cynthia-Lummis/152754318103332
S|Bill Nelson|FL|https://www.facebook.com/billnelson
S|Thad Cochran|MI|https://www.facebook.com/thadforms
S|Mazie Hirono|HI|https://www.facebook.com/mazie.hirono
S|Jim Risch|ID|https://www.facebook.com/pages/Risch-Jim-US-Senator/123116437745425
S|Dan Coats|IN|https://www.facebook.com/senatordanwolf
S|Amy Klobuchar|MN|https://www.facebook.com/amyklobuchar
S|Mark Begich|AK|https://www.facebook.com/Begich
S|Bob Corker|TN|https://www.facebook.com/bobcorker
S|Carl Levin|MI|https://www.facebook.com/carllevin
S|Chris Murphy|CT|https://www.facebook.com/ChrisMurphyCT
S|Chuck Schumer|NY|https://www.facebook.com/chuckschumer
S|Cory Booker|NJ|https://www.facebook.com/corybooker
S|David Vitter|LA|https://www.facebook.com/DavidVitter
S|Ed Markey|MA|https://www.facebook.com/EdJMarkey
S|Chuck Grassley|IA|https://www.facebook.com/grassley
S|Harry Reid|NV|https://www.facebook.com/HarryReid
S|Johnny Isakson|GA|https://www.facebook.com/isakson
S|Jeff Merkley|OR|https://www.facebook.com/jeffmerkley
S|Jeff Sessions|AL|https://www.facebook.com/jeffsessions
S|Jerry Moran|KS|https://www.facebook.com/jerrymoran
S|Jim Inhofe|OK|https://www.facebook.com/jiminhofe
S|Joe Manchin|WV|https://www.facebook.com/JoeManchinIII
S|John Barrasso|WY|https://www.facebook.com/johnbarrasso
S|John Boozman|AR|https://www.facebook.com/JohnBoozman
S|John McCain|AZ|https://www.facebook.com/johnmccain
S|John Thune|SD|https://www.facebook.com/johnthune
S|Jon Tester|MT|https://www.facebook.com/senatortester
S|Kelly Ayotte|NH|https://www.facebook.com/kellyayottenh
S|Kirsten Gillibrand|NY|https://www.facebook.com/KirstenGillibrand
S|Lamar Alexander|TN|https://www.facebook.com/lamaralexander
S|Mark Pryor|AR|https://www.facebook.com/MarkPryor
S|Mark Warner|VA|https://www.facebook.com/MarkRWarner
S|Mark Udall|CO|https://www.facebook.com/markudall
S|Martin Heinrich|NM|https://www.facebook.com/MartinHeinrich
S|Mike Crapo|ID|https://www.facebook.com/mikecrapo
S|Mike Enzi|WY|https://www.facebook.com/mikeenzi
S|Mike Johanns|NE|https://www.facebook.com/MikeJohanns
S|Mitch McConnell|KY|https://www.facebook.com/McConnellForSenate
S|Orrin Hatch|UT|https://www.facebook.com/OrrinHatch
S|Patty Murray|WA|https://www.facebook.com/pattymurray
S|Richard Shelby|AL|https://www.facebook.com/RichardShelby
S|Rob Portman|OH|https://www.facebook.com/robportman
S|Saxby Chambliss|GA|https://www.facebook.com/pages/Saxby-Chambliss/103102659730383
S|Al Franken|MN|https://www.facebook.com/Sen.Franken
S|John Cornyn|TX|https://www.facebook.com/sen.johncornyn
S|Angus King|ME|https://www.facebook.com/SenatorAngusSKingJr
S|Max Baucus|MT|https://www.facebook.com/SenatorBaucus
S|Ben Cardin|MD|https://www.facebook.com/senatorbencardin
S|Michael Bennet|CO|https://www.facebook.com/senatorbennet
S|Roy Blunt|MO|https://www.facebook.com/SenatorBlunt
S|Bob Casey, Jr|PA|https://www.facebook.com/SenatorBobCasey
S|Barbara Boxer|CA|https://www.facebook.com/senatorboxer
S|Maria Cantwell|WA|https://www.facebook.com/senatorcantwell
S|Chris Coons|DE|https://www.facebook.com/senatorchriscoons
S|Deb Fischer|NE|https://www.facebook.com/senatordebfischer
S|Joe Donnelly|IN|https://www.facebook.com/senatordonnelly
S|Dick Durbin|IL|https://www.facebook.com/SenatorDurbin
S|Elizabeth Warren|MA|https://www.facebook.com/senatorelizabethwarren
S|Dianne Feinstein|CA|https://www.facebook.com/SenatorFeinstein
S|Kay Hagan|NC|https://www.facebook.com/SenatorHagan
S|Heidi Heitkamp|ND|https://www.facebook.com/SenatorHeidiHeitkamp
S|Jeff Flake|AZ|https://www.facebook.com/senatorjeffflake
S|John Hoeven|ND|https://www.facebook.com/SenatorJohnHoeven
S|Tim Kaine|VA|https://www.facebook.com/SenatorKaine
S|Mark Kirk|IL|https://www.facebook.com/SenatorKirk
S|Mary Landrieu|LA|https://www.facebook.com/senatorlandrieu
S|Marco Rubio|FL|https://www.facebook.com/SenatorMarcoRubio
S|Claire McCaskill|MO|https://www.facebook.com/senatormccaskill
S|Bob Menendez|NJ|https://www.facebook.com/senatormenendez
S|Mike Lee|UT|https://www.facebook.com/senatormikelee
S|Barbara Mikulski|MD|https://www.facebook.com/SenatorMikulski
S|Patrick Leahy|VT|https://www.facebook.com/SenatorPatrickLeahy
S|Rand Paul|KY|https://www.facebook.com/SenatorRandPaul
S|Richard Burr|NC|https://www.facebook.com/SenatorRichardBurr
S|Bernie Sanders|VT|https://www.facebook.com/senatorsanders
S|Jeanne Shaheen|NH|https://www.facebook.com/SenatorShaheen
S|Tammy Baldwin|WI|https://www.facebook.com/senatortammybaldwin
S|Ted Cruz|TX|https://www.facebook.com/SenatorTedCruz
S|Tim Johnson|SD|https://www.facebook.com/SenatorTimJohnson
S|Tim Scott|SC|https://www.facebook.com/SenatorTimScott
S|Tom Udall|NM|https://www.facebook.com/senatortomudall
S|Pat Toomey|PA|https://www.facebook.com/senatortoomey
S|Sheldon Whitehouse|RI|https://www.facebook.com/SenatorWhitehouse
S|Richard Blumenthal|CT|https://www.facebook.com/SenBlumenthal
S|Brian Schatz|HI|https://www.facebook.com/SenBrianSchatz
S|Dean Heller|NV|https://www.facebook.com/SenDeanHeller
S|Jack Reed|RI|https://www.facebook.com/SenJackReed
S|Lisa Murkowski|AK|https://www.facebook.com/SenLisaMurkowski
S|Pat Roberts|KS|https://www.facebook.com/SenPatRoberts
S|Jay Rockefeller|WV|https://www.facebook.com/SenRockefeller
S|Ron Johnson|WI|https://www.facebook.com/senronjohnson
S|Sherrod Brown|OH|https://www.facebook.com/sherrod
S|Debbie Stabenow|MI|https://www.facebook.com/stabenow
S|Susan Collins|ME|https://www.facebook.com/susancollins
S|Tom Coburn|OK|https://www.facebook.com/teamcoburn
S|Tom Carper|DE|https://www.facebook.com/tomcarper
S|Tom Harkin|IA|https://www.facebook.com/tomharkin
S|Lindsey Graham|SC|https://www.facebook.com/USSenatorLindseyGraham
S|Roger Wicker|MI|https://www.facebook.com/wicker
S|Ron Wyden|OR|https://www.facebook.com/wyden